-- phpMyAdmin SQL Dump
-- version 5.0.1
-- https://www.phpmyadmin.net/
--
-- Hôte : localhost:3306
-- Généré le : mar. 15 déc. 2020 à 14:32
-- Version du serveur :  5.7.24
-- Version de PHP : 7.2.19

SET SQL_MODE = "NO_AUTO_VALUE_ON_ZERO";
SET AUTOCOMMIT = 0;
START TRANSACTION;
SET time_zone = "+00:00";


/*!40101 SET @OLD_CHARACTER_SET_CLIENT=@@CHARACTER_SET_CLIENT */;
/*!40101 SET @OLD_CHARACTER_SET_RESULTS=@@CHARACTER_SET_RESULTS */;
/*!40101 SET @OLD_COLLATION_CONNECTION=@@COLLATION_CONNECTION */;
/*!40101 SET NAMES utf8mb4 */;

--
-- Base de données : `eapi`
--

-- --------------------------------------------------------

--
-- Structure de la table `migrations`
--

CREATE TABLE `migrations` (
  `id` int(10) UNSIGNED NOT NULL,
  `migration` varchar(255) COLLATE utf8mb4_unicode_ci NOT NULL,
  `batch` int(11) NOT NULL
) ENGINE=InnoDB DEFAULT CHARSET=utf8mb4 COLLATE=utf8mb4_unicode_ci;

--
-- Déchargement des données de la table `migrations`
--

INSERT INTO `migrations` (`id`, `migration`, `batch`) VALUES
(1, '2014_10_12_000000_create_users_table', 1),
(2, '2014_10_12_100000_create_password_resets_table', 1),
(3, '2020_12_15_115019_create_products_table', 1),
(4, '2020_12_15_115223_create_reviews_table', 1);

-- --------------------------------------------------------

--
-- Structure de la table `password_resets`
--

CREATE TABLE `password_resets` (
  `email` varchar(255) COLLATE utf8mb4_unicode_ci NOT NULL,
  `token` varchar(255) COLLATE utf8mb4_unicode_ci NOT NULL,
  `created_at` timestamp NULL DEFAULT NULL
) ENGINE=InnoDB DEFAULT CHARSET=utf8mb4 COLLATE=utf8mb4_unicode_ci;

-- --------------------------------------------------------

--
-- Structure de la table `products`
--

CREATE TABLE `products` (
  `id` bigint(20) UNSIGNED NOT NULL,
  `name` varchar(255) COLLATE utf8mb4_unicode_ci NOT NULL,
  `detail` text COLLATE utf8mb4_unicode_ci NOT NULL,
  `price` int(11) NOT NULL,
  `stock` int(11) NOT NULL,
  `discount` int(11) NOT NULL,
  `created_at` timestamp NULL DEFAULT NULL,
  `updated_at` timestamp NULL DEFAULT NULL
) ENGINE=InnoDB DEFAULT CHARSET=utf8mb4 COLLATE=utf8mb4_unicode_ci;

--
-- Déchargement des données de la table `products`
--

INSERT INTO `products` (`id`, `name`, `detail`, `price`, `stock`, `discount`, `created_at`, `updated_at`) VALUES
(1, 'id', 'Voluptas aliquid repellendus aut adipisci placeat in. Tenetur laboriosam facere cumque et in. Eum voluptatibus fugit qui dignissimos nihil amet sunt. Temporibus sapiente iure fugit omnis nihil.', 455, 0, 24, '2020-12-15 14:13:33', '2020-12-15 14:13:33'),
(2, 'nulla', 'Provident vero blanditiis quisquam architecto harum sed. Tenetur hic iure autem eveniet sed.', 222, 5, 21, '2020-12-15 14:13:33', '2020-12-15 14:13:33'),
(3, 'inventore', 'Voluptatem perferendis aut unde. Rem officia corporis incidunt assumenda exercitationem et. Deleniti dolorem fuga a deserunt. Quibusdam et et dolores natus voluptatum alias.', 702, 4, 10, '2020-12-15 14:13:33', '2020-12-15 14:13:33'),
(4, 'necessitatibus', 'Aut nesciunt tenetur dignissimos. Provident sit et repellat autem itaque blanditiis quam. Ipsum quod vitae et eum suscipit repellendus. Recusandae nam iste quidem provident.', 411, 0, 9, '2020-12-15 14:13:33', '2020-12-15 14:13:33'),
(5, 'nobis', 'Saepe omnis est enim aperiam. Dolores accusamus nemo amet dolore sapiente. Quos perferendis natus qui libero dolores vitae.', 787, 1, 12, '2020-12-15 14:13:33', '2020-12-15 14:13:33'),
(6, 'voluptatum', 'Non dolorem amet ut suscipit recusandae in quia. Dignissimos soluta vel eveniet dolores. Animi ab hic velit voluptatem. Qui illum dolores dolorem illo accusantium similique. Quod aut aspernatur tempore eum ullam a hic.', 815, 5, 21, '2020-12-15 14:13:33', '2020-12-15 14:13:33'),
(7, 'eaque', 'Nihil iure omnis tempore neque at accusamus sunt. Animi ut voluptas beatae odit reprehenderit quibusdam doloremque. Aliquid voluptas non maxime commodi in. Fuga repellat id facere a non reiciendis esse ut.', 903, 7, 6, '2020-12-15 14:13:33', '2020-12-15 14:13:33'),
(8, 'totam', 'Exercitationem sunt ut possimus. Voluptatem blanditiis praesentium voluptas placeat et. A sequi voluptatem harum quia sed rerum.', 557, 8, 18, '2020-12-15 14:13:33', '2020-12-15 14:13:33'),
(9, 'voluptatem', 'Aut ratione fuga ut provident repellendus nisi ut. Neque aliquam alias eos dolorem vel quia aliquam consectetur. Sed rem quasi quia aspernatur. Ea repellendus necessitatibus qui.', 372, 1, 3, '2020-12-15 14:13:33', '2020-12-15 14:13:33'),
(10, 'autem', 'Ut qui mollitia esse inventore quam nobis. Consectetur qui aut ratione quia doloribus ut. Porro est at vitae et.', 885, 5, 8, '2020-12-15 14:13:33', '2020-12-15 14:13:33'),
(11, 'illo', 'Animi iusto repellat non illo harum pariatur. Quia exercitationem est inventore tenetur. Incidunt corporis praesentium aut excepturi quidem sapiente hic.', 152, 5, 6, '2020-12-15 14:13:33', '2020-12-15 14:13:33'),
(12, 'voluptatem', 'Ex ipsa qui asperiores et quisquam voluptas id. Ut et minus rerum at sunt quis non optio. Et et nihil repellat aliquid quis reiciendis et.', 923, 5, 2, '2020-12-15 14:13:33', '2020-12-15 14:13:33'),
(13, 'illum', 'Numquam magni quia omnis dolor aut ut reprehenderit. Vitae qui sint dolorem aperiam consequatur unde ducimus. Totam velit sed doloremque eaque qui perferendis nostrum. Quo eligendi maxime nemo laboriosam.', 995, 6, 17, '2020-12-15 14:13:33', '2020-12-15 14:13:33'),
(14, 'eius', 'Qui ipsa quo ut ad quae omnis qui. Temporibus consectetur unde totam reiciendis cupiditate. Voluptas possimus animi possimus perspiciatis quasi est dolor. Harum quis temporibus magni non.', 867, 9, 18, '2020-12-15 14:13:33', '2020-12-15 14:13:33'),
(15, 'nulla', 'Dolores harum non perspiciatis sed. Aliquam expedita unde necessitatibus quo minus corrupti et. Rem non aperiam aut.', 762, 3, 12, '2020-12-15 14:13:33', '2020-12-15 14:13:33'),
(16, 'aut', 'Incidunt voluptatem natus eos ut perspiciatis quisquam. Numquam dolor fugiat id illo. Assumenda culpa sequi voluptates officia molestias voluptatem.', 651, 0, 3, '2020-12-15 14:13:33', '2020-12-15 14:13:33'),
(17, 'eaque', 'Quia autem unde architecto sapiente. Quaerat eius non rerum temporibus et unde et. Eaque et fugiat consequatur.', 875, 3, 7, '2020-12-15 14:13:33', '2020-12-15 14:13:33'),
(18, 'sint', 'Officia quia veniam eveniet est. Et vel ratione quisquam ut illo tempora expedita. Voluptate ut error animi veniam consequatur nulla quibusdam.', 537, 5, 9, '2020-12-15 14:13:33', '2020-12-15 14:13:33'),
(19, 'impedit', 'Dignissimos expedita sunt corporis deleniti. Magnam ab debitis dolorum eius. Enim amet et dicta ipsa eligendi doloribus molestiae. Quis vero laboriosam officiis repellat quidem non ut.', 214, 1, 25, '2020-12-15 14:13:33', '2020-12-15 14:13:33'),
(20, 'non', 'Ex aliquam nobis quia iure. Asperiores repellendus iste nemo adipisci consectetur. Voluptatem eum ipsum autem reprehenderit. Magni sunt repellendus vel qui.', 119, 6, 25, '2020-12-15 14:13:33', '2020-12-15 14:13:33'),
(21, 'ea', 'Provident ipsam quo fugit. Consectetur earum iste et at qui ullam. Vero debitis minima sed. Sed accusamus sit ut.', 828, 1, 30, '2020-12-15 14:13:33', '2020-12-15 14:13:33'),
(22, 'molestiae', 'Ullam consequuntur voluptatem perspiciatis sequi pariatur. Et fugiat sit inventore voluptatum dolor numquam eaque. Dolores fugit totam molestias occaecati.', 210, 6, 22, '2020-12-15 14:13:33', '2020-12-15 14:13:33'),
(23, 'dolore', 'Nobis sequi sequi totam dolores in. Sequi magni quidem sit nihil expedita. Aliquid nostrum culpa adipisci rerum accusantium impedit autem.', 116, 9, 27, '2020-12-15 14:13:33', '2020-12-15 14:13:33'),
(24, 'eligendi', 'Pariatur animi optio deleniti dolor. Perferendis voluptatem ratione ut omnis. Sint qui fugiat doloribus aut esse quia. Soluta dolor aliquam iure amet mollitia minus veniam.', 828, 0, 24, '2020-12-15 14:13:33', '2020-12-15 14:13:33'),
(25, 'aspernatur', 'Perferendis provident est aspernatur. Ratione placeat optio ratione neque.', 941, 8, 13, '2020-12-15 14:13:33', '2020-12-15 14:13:33'),
(26, 'pariatur', 'In minus tempora et iste voluptate. Earum aut maxime provident sunt consectetur. Dolorem quod rerum consequatur. Id sed vitae vel eos.', 318, 0, 20, '2020-12-15 14:13:33', '2020-12-15 14:13:33'),
(27, 'eos', 'Ipsum sint sit eligendi qui deleniti omnis. Et dolores fugiat eveniet debitis. Et quasi tempore dolor ducimus.', 997, 5, 21, '2020-12-15 14:13:33', '2020-12-15 14:13:33'),
(28, 'eum', 'Quisquam deleniti omnis enim sed necessitatibus adipisci. Velit molestiae ut voluptas dolorem aliquam dolorem facere. Vel atque sint eveniet omnis assumenda. Repellendus voluptatibus ut nulla assumenda.', 574, 8, 5, '2020-12-15 14:13:33', '2020-12-15 14:13:33'),
(29, 'cupiditate', 'Dolores et numquam corrupti officiis et vero omnis. Perspiciatis aliquam debitis et error ducimus. Animi accusantium quo commodi.', 400, 5, 2, '2020-12-15 14:13:33', '2020-12-15 14:13:33'),
(30, 'et', 'Non mollitia magni saepe quam dicta illo ut. Soluta recusandae quasi qui sapiente laudantium voluptatem iusto. Nulla beatae veniam nihil consectetur nostrum. Perspiciatis ratione ex et eum.', 336, 2, 20, '2020-12-15 14:13:33', '2020-12-15 14:13:33'),
(31, 'minus', 'Vero asperiores et assumenda nisi. Officiis impedit nobis velit ipsam accusantium in voluptas. In eos possimus vel et. Culpa esse omnis magnam praesentium.', 438, 1, 27, '2020-12-15 14:13:33', '2020-12-15 14:13:33'),
(32, 'ut', 'Earum similique quam est ut excepturi repudiandae aut. Esse repudiandae et voluptas. Repudiandae itaque dolorem rerum sit numquam repellendus. Iure ut quidem suscipit quaerat quibusdam omnis sed.', 762, 0, 25, '2020-12-15 14:13:33', '2020-12-15 14:13:33'),
(33, 'amet', 'Nemo tempore qui in doloribus provident voluptas tempore. Sit illo distinctio est et minus ipsam. Quibusdam quia dicta sequi ullam. Dolores architecto ut rerum id praesentium ratione.', 869, 8, 9, '2020-12-15 14:13:33', '2020-12-15 14:13:33'),
(34, 'dignissimos', 'Expedita neque voluptatem cumque. Sit autem esse ex quia. Qui fugiat maiores natus saepe consequatur natus autem. Eum ad illum qui laboriosam rerum.', 331, 3, 13, '2020-12-15 14:13:33', '2020-12-15 14:13:33'),
(35, 'qui', 'Laborum incidunt reiciendis et vel ut. Qui doloremque nisi ipsa sint. Qui ad animi inventore culpa temporibus maxime. Quidem ut dolor dolorum quia.', 123, 0, 11, '2020-12-15 14:13:33', '2020-12-15 14:13:33'),
(36, 'aut', 'Qui voluptatem iure ea quibusdam et magnam saepe. Magnam laboriosam qui expedita. Voluptatem autem eum voluptates. Corrupti voluptas sit quia ratione alias autem.', 242, 2, 8, '2020-12-15 14:13:33', '2020-12-15 14:13:33'),
(37, 'quas', 'Non distinctio inventore est voluptate. Veniam id veniam laudantium exercitationem eos ut. Laboriosam sint et fuga eos accusantium.', 261, 4, 18, '2020-12-15 14:13:33', '2020-12-15 14:13:33'),
(38, 'culpa', 'A qui voluptatum suscipit et dolorum quisquam. Harum amet sed esse beatae ut nesciunt velit. Eos optio molestiae ipsum est.', 916, 0, 5, '2020-12-15 14:13:33', '2020-12-15 14:13:33'),
(39, 'quam', 'Rerum eveniet exercitationem fugiat officiis dicta sit aut. Quidem quidem omnis facilis est necessitatibus et ut. Vero rerum ut et totam.', 703, 9, 19, '2020-12-15 14:13:33', '2020-12-15 14:13:33'),
(40, 'dolor', 'Nihil ut harum et molestiae harum. Iste maiores eius nihil unde ipsam in.', 658, 6, 12, '2020-12-15 14:13:33', '2020-12-15 14:13:33'),
(41, 'sunt', 'Fugit dolores assumenda sit. Quaerat fuga ab eos rerum veritatis necessitatibus. Rerum sit quisquam ab fugiat temporibus cupiditate iste. Eaque cupiditate dicta quo odit.', 267, 9, 14, '2020-12-15 14:13:33', '2020-12-15 14:13:33'),
(42, 'omnis', 'Velit inventore pariatur culpa vel. Possimus omnis adipisci velit et iste deserunt maxime. Perferendis aut veniam a aspernatur eius.', 155, 8, 12, '2020-12-15 14:13:33', '2020-12-15 14:13:33'),
(43, 'rerum', 'Animi voluptatem libero vero porro voluptatum corrupti similique. Est ad in sed voluptas. Tempora non molestiae nisi minima illo autem nemo. Cum porro dolorem voluptatem eos.', 474, 3, 17, '2020-12-15 14:13:33', '2020-12-15 14:13:33'),
(44, 'omnis', 'Recusandae reprehenderit vel id facilis. Quo minus suscipit est eum mollitia provident. Eaque nam iure iusto omnis accusamus.', 452, 5, 29, '2020-12-15 14:13:33', '2020-12-15 14:13:33'),
(45, 'veniam', 'Aut error eaque ipsa nesciunt pariatur omnis nam. Sapiente est veniam illum incidunt molestiae rem tenetur. Quasi ut qui qui.', 816, 7, 24, '2020-12-15 14:13:33', '2020-12-15 14:13:33'),
(46, 'illo', 'Quia fugiat libero iusto alias velit magni sint quidem. Nesciunt et quae beatae autem libero omnis. Non molestiae placeat ipsam rem ea velit. Praesentium dolores nemo corporis voluptatem.', 364, 2, 28, '2020-12-15 14:13:33', '2020-12-15 14:13:33'),
(47, 'vel', 'Nemo ducimus eos tenetur et quaerat minima. Nostrum aut aut in numquam debitis qui rerum et. Aut quae ipsa quis veniam error et aut accusantium. Officiis libero quia eaque officiis voluptatibus ut.', 765, 6, 10, '2020-12-15 14:13:33', '2020-12-15 14:13:33'),
(48, 'vero', 'Quae rerum quo eaque at. Consequatur culpa sit sit quia nostrum. Natus nam sed voluptatibus qui hic esse maxime.', 157, 8, 28, '2020-12-15 14:13:33', '2020-12-15 14:13:33'),
(49, 'aut', 'Eveniet consequatur non magnam. Provident ea dicta reprehenderit labore beatae consequatur. Labore voluptates officia sit. Sunt nisi tempore ut dolores. Sunt iste consequatur pariatur dolor ut neque.', 491, 8, 2, '2020-12-15 14:13:33', '2020-12-15 14:13:33'),
(50, 'nobis', 'Hic occaecati at laudantium quae dolore in velit. Aut ratione necessitatibus veniam aut. Quia dolores optio unde voluptas quidem omnis incidunt. Omnis libero laborum nihil sint voluptas.', 811, 5, 14, '2020-12-15 14:13:33', '2020-12-15 14:13:33'),
(51, 'natus', 'Eum et placeat quis. Possimus quia aut enim. Cumque quia mollitia cupiditate itaque officia id tempora. Ut ullam deserunt repellat nemo.', 265, 5, 29, '2020-12-15 14:14:17', '2020-12-15 14:14:17'),
(52, 'possimus', 'Hic itaque eos officia possimus. Qui et temporibus officiis fugit et provident at. Nisi in occaecati assumenda soluta inventore. Et amet illum in beatae. Id tempora illum occaecati eius et perferendis sit a.', 754, 8, 8, '2020-12-15 14:14:17', '2020-12-15 14:14:17'),
(53, 'at', 'Non officia et voluptatem. Laboriosam ipsa praesentium quia similique sed tempora sint.', 477, 1, 5, '2020-12-15 14:14:17', '2020-12-15 14:14:17'),
(54, 'aliquam', 'Ipsum quo distinctio adipisci est eveniet nobis. Qui sed voluptas quibusdam nam non est molestias. Animi possimus inventore aut soluta. Architecto molestiae nulla aperiam perspiciatis eum accusantium dolore.', 976, 1, 27, '2020-12-15 14:14:17', '2020-12-15 14:14:17'),
(55, 'ipsum', 'Reprehenderit voluptate inventore non possimus doloribus numquam. Distinctio at impedit non deleniti sit aut. Explicabo ut ad ut accusantium molestiae necessitatibus.', 390, 3, 6, '2020-12-15 14:14:17', '2020-12-15 14:14:17'),
(56, 'voluptatem', 'Ducimus voluptatum aliquam ut quo. Voluptatibus amet aperiam omnis atque et. Doloribus asperiores veritatis est et. Sit ullam molestiae recusandae laudantium ab.', 839, 8, 8, '2020-12-15 14:14:17', '2020-12-15 14:14:17'),
(57, 'sapiente', 'Est id aliquid totam aspernatur ea aut ad. Sunt dolores fuga optio.', 713, 0, 2, '2020-12-15 14:14:17', '2020-12-15 14:14:17'),
(58, 'quis', 'Minus non incidunt aut inventore quaerat. Ab rerum rerum aut tempore. Quia et odit fugiat sit id quia consequatur. Ratione repellendus et quia quo. Sunt inventore aspernatur saepe odit aut id et.', 742, 8, 24, '2020-12-15 14:14:17', '2020-12-15 14:14:17'),
(59, 'et', 'Corrupti eos autem facere iure. Asperiores quod dolor dicta explicabo. Ea blanditiis aut delectus sunt voluptate consectetur quia aut. Est eveniet voluptatem quasi sit dolores vero nihil.', 418, 9, 17, '2020-12-15 14:14:17', '2020-12-15 14:14:17'),
(60, 'et', 'Vitae repudiandae id dolorem rerum possimus aut nisi. Aut totam quam non nulla. Veritatis et et et aspernatur est.', 265, 0, 17, '2020-12-15 14:14:17', '2020-12-15 14:14:17'),
(61, 'vel', 'Quisquam rerum ullam veritatis commodi nemo. Ut quia tenetur aut magnam. Necessitatibus quasi sunt cupiditate facere et et non. Sed ipsam accusantium nulla aut.', 631, 9, 30, '2020-12-15 14:14:17', '2020-12-15 14:14:17'),
(62, 'officiis', 'Quia ut impedit ratione quo. Aperiam enim ut sed eum dolores in. Nihil voluptatum eaque voluptate est ex nihil et laborum. Odio consequuntur consequuntur suscipit facere quis consectetur laboriosam.', 158, 4, 2, '2020-12-15 14:14:17', '2020-12-15 14:14:17'),
(63, 'ut', 'Facilis aut et eligendi. Tenetur dolorem ut magni totam ab eum. Nobis aperiam quas vitae eos fugit fuga.', 989, 0, 19, '2020-12-15 14:14:17', '2020-12-15 14:14:17'),
(64, 'ea', 'Error corrupti est explicabo quia. Illum magni est ut dolorem sint est qui.', 481, 4, 28, '2020-12-15 14:14:17', '2020-12-15 14:14:17'),
(65, 'laborum', 'Est nemo voluptatem quae corporis. Provident aut est et aut rerum dicta odit. Sunt accusantium doloremque est dolor esse aliquid. Consequuntur deserunt vero sapiente quod ut rerum.', 613, 6, 15, '2020-12-15 14:14:17', '2020-12-15 14:14:17'),
(66, 'non', 'Natus rerum qui consequuntur nisi dolorum dolor et. Vel mollitia deserunt asperiores ad hic facere quidem. Quis sed ratione voluptatem fugit unde. Eaque voluptatum rerum inventore qui eius ut.', 424, 8, 21, '2020-12-15 14:14:17', '2020-12-15 14:14:17'),
(67, 'laborum', 'Dolorum error aut et. Qui temporibus quo excepturi hic rerum consequatur. Sit non blanditiis repudiandae tempora eos rem.', 658, 9, 20, '2020-12-15 14:14:17', '2020-12-15 14:14:17'),
(68, 'sapiente', 'Voluptates et qui libero et asperiores quam. Deleniti nisi occaecati impedit rem eum nostrum assumenda. Quisquam voluptatem aut quia tenetur doloremque sed. Velit facilis mollitia aliquam enim.', 162, 0, 19, '2020-12-15 14:14:17', '2020-12-15 14:14:17'),
(69, 'vel', 'Quia sint in maiores totam. Voluptatibus necessitatibus pariatur voluptatibus. Est tempora repudiandae omnis eaque illo illo qui culpa.', 803, 6, 10, '2020-12-15 14:14:17', '2020-12-15 14:14:17'),
(70, 'nemo', 'Repellat nesciunt facere pariatur enim beatae non voluptas. Ad dolorem tenetur quia quae occaecati. Ducimus harum facilis at voluptatem dolorem sint explicabo et. Vero animi facere incidunt ratione sint exercitationem aut dolores.', 668, 7, 11, '2020-12-15 14:14:17', '2020-12-15 14:14:17'),
(71, 'excepturi', 'Veritatis mollitia voluptas ea esse aut. Culpa id veritatis voluptas labore qui molestias esse. Omnis repellendus illo consequatur in quisquam laboriosam aut.', 150, 6, 29, '2020-12-15 14:14:17', '2020-12-15 14:14:17'),
(72, 'molestiae', 'Quia eveniet sint magnam est. Corporis dolorem doloribus quo nemo sequi laboriosam.', 349, 2, 23, '2020-12-15 14:14:17', '2020-12-15 14:14:17'),
(73, 'aperiam', 'Ut tenetur exercitationem et illo maxime illum nam. Quas praesentium dicta et qui beatae possimus quo exercitationem. Quae consequatur illum corporis repellat maiores illum.', 204, 0, 13, '2020-12-15 14:14:17', '2020-12-15 14:14:17'),
(74, 'repudiandae', 'Est molestias assumenda rem consequatur consequatur ducimus dolorem nam. Distinctio eum incidunt minus. Occaecati natus harum saepe alias ad perspiciatis reiciendis.', 695, 1, 16, '2020-12-15 14:14:17', '2020-12-15 14:14:17'),
(75, 'maiores', 'Est consectetur debitis perferendis dolorem tempora aut debitis. Eos officiis nostrum quo facilis excepturi eligendi consectetur. Ipsa ut quibusdam quam facilis ab.', 239, 2, 29, '2020-12-15 14:14:17', '2020-12-15 14:14:17'),
(76, 'rem', 'Voluptatem voluptate consequuntur recusandae. Officia minima sit alias perspiciatis ut necessitatibus commodi.', 445, 3, 16, '2020-12-15 14:14:17', '2020-12-15 14:14:17'),
(77, 'odit', 'Ratione repellat sequi tempore consectetur. Est exercitationem quo ut laborum.', 491, 5, 2, '2020-12-15 14:14:17', '2020-12-15 14:14:17'),
(78, 'non', 'Nemo officia qui mollitia ex excepturi aperiam odit. Voluptate consequatur dignissimos culpa esse. Quas aut molestias dolorem maxime. Eos vero mollitia vero laudantium quia ipsum saepe. Animi qui aut quia.', 883, 6, 19, '2020-12-15 14:14:17', '2020-12-15 14:14:17'),
(79, 'dicta', 'Molestiae qui praesentium repudiandae. Vitae modi illum optio dolores assumenda et voluptatem. Provident ratione fugiat non quia ad id sint.', 145, 5, 6, '2020-12-15 14:14:17', '2020-12-15 14:14:17'),
(80, 'quisquam', 'Quibusdam et voluptate ut ab laudantium vero sed iusto. Veniam in eaque maxime est. Aliquam commodi quod sint veniam dicta voluptates voluptatem cum. Nobis dolorem minus tempora tempora ut ex. Nisi id tempore id voluptas tempore sapiente.', 641, 6, 2, '2020-12-15 14:14:17', '2020-12-15 14:14:17'),
(81, 'ex', 'Voluptatem voluptatem illo et quam ullam voluptatibus. Et adipisci impedit sapiente labore rerum omnis laborum.', 399, 3, 23, '2020-12-15 14:14:17', '2020-12-15 14:14:17'),
(82, 'est', 'Sapiente odio aspernatur provident aut aliquam nulla. Expedita mollitia aut in atque. Quas qui eius aut rem sit iste.', 101, 4, 26, '2020-12-15 14:14:17', '2020-12-15 14:14:17'),
(83, 'perferendis', 'Sed praesentium aliquid natus tempora. Saepe nam facere labore ut illo omnis.', 209, 7, 7, '2020-12-15 14:14:17', '2020-12-15 14:14:17'),
(84, 'qui', 'Veritatis qui explicabo quos tenetur odio sunt fuga. Veritatis laudantium fugit nam modi cum nostrum. Voluptatibus libero delectus ipsum ipsum perferendis voluptas quibusdam laudantium. Tempora quod consectetur est quos asperiores omnis.', 335, 8, 21, '2020-12-15 14:14:17', '2020-12-15 14:14:17'),
(85, 'dolorum', 'Est assumenda modi rem qui et et corporis. Commodi aliquam praesentium labore harum itaque consectetur consequatur. Nulla iste officiis quia beatae hic aut architecto.', 474, 1, 13, '2020-12-15 14:14:17', '2020-12-15 14:14:17'),
(86, 'et', 'Vel laboriosam id itaque veniam dolores dolore ut. Rem accusantium voluptatem inventore cum qui hic.', 924, 4, 3, '2020-12-15 14:14:17', '2020-12-15 14:14:17'),
(87, 'quisquam', 'Aperiam porro minima blanditiis sapiente animi rerum. Molestias consequatur quo sit tempora. Incidunt officia autem aut ea.', 703, 7, 4, '2020-12-15 14:14:17', '2020-12-15 14:14:17'),
(88, 'rem', 'Veritatis et voluptas natus sed libero. Quae ratione aut ad placeat officiis est modi enim.', 994, 9, 16, '2020-12-15 14:14:17', '2020-12-15 14:14:17'),
(89, 'impedit', 'Omnis consequuntur quo nisi quae sit sint et. Error ex modi dolor nostrum quos sint aut. Dolorem et fuga ipsam reiciendis dolore ipsum. Magni impedit odio veritatis blanditiis dolores sed illum.', 870, 6, 24, '2020-12-15 14:14:17', '2020-12-15 14:14:17'),
(90, 'nisi', 'Error sunt sed aperiam. Cupiditate reprehenderit officiis magnam accusamus officiis dicta doloremque. Eum dignissimos enim modi vitae natus quaerat rem.', 342, 0, 12, '2020-12-15 14:14:17', '2020-12-15 14:14:17'),
(91, 'atque', 'Recusandae inventore soluta rem est omnis consectetur. Sed error sed laudantium non provident aspernatur quae rerum. Nihil velit est animi harum cupiditate ut pariatur.', 811, 7, 10, '2020-12-15 14:14:17', '2020-12-15 14:14:17'),
(92, 'saepe', 'Architecto labore similique quas dolores nihil voluptas qui nisi. Qui beatae dolorem dolorem ad repudiandae ut pariatur in. Exercitationem nulla autem quia non deserunt. Nobis voluptate reprehenderit laboriosam qui voluptate molestiae libero.', 633, 1, 19, '2020-12-15 14:14:17', '2020-12-15 14:14:17'),
(93, 'voluptatem', 'Cum enim quis consequatur et. Nisi facilis nam doloremque sint.', 738, 3, 26, '2020-12-15 14:14:17', '2020-12-15 14:14:17'),
(94, 'sequi', 'Porro rem enim vero. Et voluptatem odit sed sunt suscipit est ipsa.', 973, 0, 21, '2020-12-15 14:14:17', '2020-12-15 14:14:17'),
(95, 'deleniti', 'Eveniet voluptatem velit ut consectetur nostrum. Iusto ab mollitia facilis nemo. Magni reiciendis illo est accusamus quis labore veritatis. Non quasi id tempore voluptatum quisquam.', 279, 5, 12, '2020-12-15 14:14:17', '2020-12-15 14:14:17'),
(96, 'quas', 'Aliquam et itaque maiores nobis architecto ut inventore. Optio omnis debitis culpa quis. Ea atque exercitationem delectus quod et possimus quis voluptatem. Soluta voluptatem ea non est.', 170, 1, 26, '2020-12-15 14:14:17', '2020-12-15 14:14:17'),
(97, 'minus', 'Sint cum tempora autem dignissimos aliquam placeat error. Quod minima consequatur ex architecto illum quas velit. Sit aliquam harum explicabo voluptatem et tempora. Et dolorum voluptas laborum dolor.', 749, 9, 8, '2020-12-15 14:14:17', '2020-12-15 14:14:17'),
(98, 'eos', 'Enim provident totam quaerat. Cumque sequi maiores ipsa qui labore asperiores doloremque. Fuga sit eaque ex optio rerum facere.', 976, 9, 30, '2020-12-15 14:14:17', '2020-12-15 14:14:17'),
(99, 'qui', 'Occaecati voluptatem nemo velit nulla fugiat quis dolores. Laboriosam minus id nihil aperiam. Accusamus aspernatur animi illum ut ut similique.', 107, 4, 6, '2020-12-15 14:14:17', '2020-12-15 14:14:17'),
(100, 'harum', 'Magni rerum porro nihil aut saepe commodi. In exercitationem sed sit aliquam et dolores. Labore possimus autem at numquam est maiores minus. Et sed et incidunt nisi rerum.', 784, 0, 2, '2020-12-15 14:14:17', '2020-12-15 14:14:17');

-- --------------------------------------------------------

--
-- Structure de la table `reviews`
--

CREATE TABLE `reviews` (
  `id` bigint(20) UNSIGNED NOT NULL,
  `product_id` bigint(20) UNSIGNED NOT NULL,
  `customer` varchar(255) COLLATE utf8mb4_unicode_ci NOT NULL,
  `review` text COLLATE utf8mb4_unicode_ci NOT NULL,
  `star` int(11) NOT NULL,
  `created_at` timestamp NULL DEFAULT NULL,
  `updated_at` timestamp NULL DEFAULT NULL
) ENGINE=InnoDB DEFAULT CHARSET=utf8mb4 COLLATE=utf8mb4_unicode_ci;

--
-- Déchargement des données de la table `reviews`
--

INSERT INTO `reviews` (`id`, `product_id`, `customer`, `review`, `star`, `created_at`, `updated_at`) VALUES
(1, 47, 'Burnice Runolfsson', 'Occaecati illo quo ut blanditiis totam. Dolore et laudantium aliquam fuga asperiores fugiat et officiis. Ut provident molestiae consectetur dolores. Ab id fugit corrupti dolorem est excepturi.', 5, '2020-12-15 14:14:17', '2020-12-15 14:14:17'),
(2, 50, 'Leland Johnston', 'Eum harum modi maiores dolores id quam dolorum. Animi cupiditate molestias cum voluptatum deserunt reiciendis consectetur. Repellendus distinctio nemo quod quo. Eum laboriosam in culpa non assumenda.', 0, '2020-12-15 14:14:17', '2020-12-15 14:14:17'),
(3, 90, 'Joyce Greenfelder', 'Voluptatem culpa assumenda excepturi odio quia. Perspiciatis sed laudantium ut assumenda nulla. Voluptate qui placeat aliquid ipsam occaecati et et. Voluptatibus cupiditate a itaque nostrum debitis adipisci.', 2, '2020-12-15 14:14:17', '2020-12-15 14:14:17'),
(4, 22, 'Cleora Kling', 'Eveniet expedita incidunt maiores eos aliquam quae molestiae quia. Nostrum omnis voluptatibus ipsam. Aspernatur quia quaerat ullam repellendus. Cum totam tempora tenetur quaerat omnis voluptas repellendus.', 4, '2020-12-15 14:14:17', '2020-12-15 14:14:17'),
(5, 96, 'Janie Auer', 'Voluptas est neque consequatur eum. Rerum laboriosam tenetur consequuntur qui. Maiores quia sint maiores quod occaecati.', 0, '2020-12-15 14:14:17', '2020-12-15 14:14:17'),
(6, 15, 'Mr. Morris Lang Jr.', 'Ea sed ea et. Dolores reprehenderit sequi perspiciatis corrupti laboriosam voluptates necessitatibus. Numquam qui quas aliquam magnam et quia perferendis autem.', 5, '2020-12-15 14:14:17', '2020-12-15 14:14:17'),
(7, 72, 'Jaron Bruen', 'Qui aliquid pariatur modi accusantium iure quibusdam. Repellendus inventore vel aspernatur adipisci laboriosam natus est. Aut corporis eos quia repellendus est voluptatum. Enim a qui ullam reiciendis.', 2, '2020-12-15 14:14:17', '2020-12-15 14:14:17'),
(8, 87, 'Will Conn', 'Quam harum minima dolor et similique inventore. Aut ut vitae omnis est vel cupiditate. Et voluptas qui iusto quia quia quis sit.', 3, '2020-12-15 14:14:17', '2020-12-15 14:14:17'),
(9, 61, 'Carli Rippin', 'Molestiae omnis ut incidunt et. Voluptate debitis nesciunt qui inventore.', 3, '2020-12-15 14:14:17', '2020-12-15 14:14:17'),
(10, 52, 'Jaycee Shields II', 'Molestiae quibusdam velit in ut ipsa possimus animi aut. Magnam ea a ad consequatur. Dolor est qui commodi soluta quisquam ullam modi.', 3, '2020-12-15 14:14:17', '2020-12-15 14:14:17'),
(11, 52, 'Nathen Yost', 'Voluptatem quisquam nulla ratione non. Quia in totam est necessitatibus mollitia dolores rem sed. Doloremque sed expedita expedita et placeat deserunt.', 0, '2020-12-15 14:14:17', '2020-12-15 14:14:17'),
(12, 59, 'Orin McKenzie', 'Quasi in aspernatur optio necessitatibus quo qui corrupti. Ab minima mollitia eveniet id exercitationem eligendi error voluptate. At explicabo id sequi nostrum.', 3, '2020-12-15 14:14:17', '2020-12-15 14:14:17'),
(13, 95, 'Dr. Destin Fisher Jr.', 'Qui atque omnis aut a tempore mollitia ut quisquam. Quia perferendis et ipsa delectus facilis. Harum voluptatum aut ea tempora est tenetur ut qui. Dignissimos amet impedit perferendis porro.', 5, '2020-12-15 14:14:17', '2020-12-15 14:14:17'),
(14, 43, 'Asha Casper', 'Corrupti ad quisquam et occaecati ut ducimus. Ut repellat quia sunt beatae dolorem. Minima omnis sit id consequuntur perspiciatis laborum. Modi adipisci tenetur numquam tenetur.', 0, '2020-12-15 14:14:17', '2020-12-15 14:14:17'),
(15, 79, 'Mr. Camren Weber', 'Et amet quia saepe nemo recusandae libero quia consequuntur. Adipisci excepturi rerum eveniet doloribus iste minima.', 1, '2020-12-15 14:14:17', '2020-12-15 14:14:17'),
(16, 37, 'Mallie Gleichner', 'Sequi nisi eum similique libero perferendis. Dolores libero illum qui nulla. Exercitationem quam quos rem molestiae totam veniam officiis.', 4, '2020-12-15 14:14:17', '2020-12-15 14:14:17'),
(17, 42, 'Ms. Luna Marvin', 'Repellendus quibusdam nemo esse doloribus. Aut praesentium incidunt vel qui aut pariatur. Modi vitae sed et distinctio quia qui cupiditate.', 2, '2020-12-15 14:14:17', '2020-12-15 14:14:17'),
(18, 63, 'Ervin Raynor', 'Impedit sint et facere voluptates. Soluta qui blanditiis dolore totam nesciunt cupiditate aut. Est iste qui deleniti dicta ipsam est. Dolor maiores eius laboriosam.', 0, '2020-12-15 14:14:17', '2020-12-15 14:14:17'),
(19, 27, 'Nicklaus Hackett', 'Veritatis veritatis molestiae maxime sit magni nihil. Ipsa expedita quis saepe explicabo in. Quibusdam esse placeat ullam quae nihil temporibus sit.', 0, '2020-12-15 14:14:17', '2020-12-15 14:14:17'),
(20, 74, 'Daisy Mueller PhD', 'Aut quia aut nihil similique atque veniam. Non labore maxime nesciunt. Dolores ipsam nihil nobis.', 1, '2020-12-15 14:14:17', '2020-12-15 14:14:17'),
(21, 92, 'Ms. Shyann Wolff V', 'Veritatis nisi ut soluta beatae molestiae alias sed. Debitis a autem ut. Et aut nobis nihil veniam eaque tempore ut.', 1, '2020-12-15 14:14:17', '2020-12-15 14:14:17'),
(22, 72, 'Dr. Zakary Goodwin DDS', 'Assumenda explicabo maiores sint rem. Voluptatibus ut ut eius eos nam est ut et. Natus odio libero enim voluptatem.', 2, '2020-12-15 14:14:17', '2020-12-15 14:14:17'),
(23, 41, 'Rusty Hayes DDS', 'Cumque sit quia ad distinctio. Et nulla voluptas officiis autem magni temporibus. Quia eaque est eligendi atque.', 3, '2020-12-15 14:14:17', '2020-12-15 14:14:17'),
(24, 55, 'Rico Hudson', 'Et quidem aperiam ex repellat aut dolore. Rerum soluta autem in dolorem. Aut sit numquam iste et incidunt saepe natus. Consequuntur blanditiis perferendis voluptates ipsum.', 0, '2020-12-15 14:14:17', '2020-12-15 14:14:17'),
(25, 48, 'Dr. Janice Russel II', 'Facilis voluptatem rerum quo enim iure. Blanditiis cumque tempora voluptatem molestiae expedita aliquid et eum. Qui qui eum voluptate tenetur laboriosam molestias.', 5, '2020-12-15 14:14:17', '2020-12-15 14:14:17'),
(26, 55, 'Rudolph Langworth', 'Soluta molestias minima dolorum eaque rerum dolorem. Eos cum beatae illo esse dignissimos. Sed reprehenderit dolorem sapiente id porro. Nihil velit voluptates odit voluptatum.', 4, '2020-12-15 14:14:17', '2020-12-15 14:14:17'),
(27, 28, 'Fidel Ward', 'Dolor deleniti quisquam quibusdam natus. Harum qui doloribus sequi debitis in natus. Ut numquam tenetur at labore ex. Autem quo et et minus amet ipsa.', 5, '2020-12-15 14:14:17', '2020-12-15 14:14:17'),
(28, 12, 'Malika Marquardt', 'Laudantium suscipit veniam delectus at. Ipsam voluptates et rem aut debitis. Sed ut molestias aliquid quis voluptas.', 3, '2020-12-15 14:14:17', '2020-12-15 14:14:17'),
(29, 42, 'Howell Bergstrom DVM', 'Occaecati et iste dolores a possimus. Placeat reprehenderit a quo dolore ab. Porro reiciendis mollitia vel facilis odit in nemo.', 4, '2020-12-15 14:14:17', '2020-12-15 14:14:17'),
(30, 31, 'Darby Greenholt DDS', 'Recusandae unde dolore dicta at et repudiandae tempora earum. Reprehenderit itaque et modi vero.', 0, '2020-12-15 14:14:17', '2020-12-15 14:14:17'),
(31, 19, 'Garrett Cummerata', 'Maiores ut expedita aut. Veniam at molestiae saepe deserunt. Numquam voluptatem est hic est. Consequuntur a delectus aspernatur modi.', 1, '2020-12-15 14:14:17', '2020-12-15 14:14:17'),
(32, 40, 'Cleveland D\'Amore', 'Facilis dolorem amet soluta voluptatem aut nesciunt. Maxime quis alias nulla hic et incidunt quos. Laborum rerum accusamus nam quos vel. Voluptates id quae incidunt ad ratione. Animi est eveniet architecto molestiae id ducimus.', 0, '2020-12-15 14:14:17', '2020-12-15 14:14:17'),
(33, 5, 'Ms. Mariela Hamill', 'Similique ducimus qui aut laudantium. Cupiditate quasi sunt fugiat voluptatibus ullam a. Doloremque inventore aliquam suscipit sunt.', 5, '2020-12-15 14:14:17', '2020-12-15 14:14:17'),
(34, 44, 'Miss Mireya Grant MD', 'Ab voluptatibus voluptates recusandae nihil. A fuga qui aut dolorem magnam est. Velit ut earum sunt qui velit. Veniam est eum aut.', 5, '2020-12-15 14:14:17', '2020-12-15 14:14:17'),
(35, 24, 'Dr. Abigale Farrell', 'Dicta excepturi neque nihil voluptatibus rerum pariatur voluptas. Et illum aut et ducimus in sed dolorum reiciendis. Mollitia odio officia sequi reprehenderit sint vitae.', 2, '2020-12-15 14:14:17', '2020-12-15 14:14:17'),
(36, 96, 'Dr. Ocie Stanton V', 'Maxime explicabo et est. Rem veritatis pariatur autem omnis. Debitis suscipit vitae saepe consectetur velit molestiae et.', 4, '2020-12-15 14:14:17', '2020-12-15 14:14:17'),
(37, 20, 'Herman Hoeger', 'Magni culpa sint vel sunt explicabo iste voluptatem. Aut corporis voluptas dolorem dignissimos aperiam magni. Sequi atque aliquid ex culpa exercitationem omnis architecto dolor. Consequatur et magni magnam qui.', 0, '2020-12-15 14:14:17', '2020-12-15 14:14:17'),
(38, 82, 'Jaiden Boyle', 'Rerum consectetur atque sunt illo exercitationem enim ut iusto. Ut quasi quam ut illum nesciunt a repudiandae. Dolores magnam sed aut odio molestias quia.', 5, '2020-12-15 14:14:17', '2020-12-15 14:14:17'),
(39, 95, 'Davin Gusikowski', 'Ut velit id quo porro. Et vel est voluptas animi eveniet. Sunt alias voluptatem omnis cum aut libero soluta.', 5, '2020-12-15 14:14:17', '2020-12-15 14:14:17'),
(40, 41, 'Dee Leffler', 'Dolor non dolorem a et delectus voluptatem. Laboriosam minima fuga laborum officiis. Enim facilis adipisci id iure labore ducimus. Quisquam delectus error nulla perferendis dicta cupiditate.', 5, '2020-12-15 14:14:17', '2020-12-15 14:14:17'),
(41, 85, 'Jesus Champlin', 'Doloribus quis aliquid quis cupiditate est et et. Necessitatibus accusamus beatae enim omnis. Corporis cum voluptates reiciendis nesciunt cumque id. Expedita aspernatur provident velit est repellat voluptas facilis laudantium.', 0, '2020-12-15 14:14:17', '2020-12-15 14:14:17'),
(42, 31, 'Kenyon Kautzer', 'Pariatur id odit omnis. Explicabo et cum aut et omnis qui. Quod laborum sapiente asperiores laboriosam est consequatur.', 3, '2020-12-15 14:14:17', '2020-12-15 14:14:17'),
(43, 67, 'Erica Feest', 'Tenetur aperiam explicabo rerum facilis totam officia vel debitis. Sequi velit perferendis blanditiis rerum facere. Id quos culpa veritatis vel rem.', 4, '2020-12-15 14:14:17', '2020-12-15 14:14:17'),
(44, 26, 'Melyna Willms', 'Voluptas nemo facere voluptatem eius quia impedit qui vero. Pariatur ut expedita saepe quaerat ullam et. Repellat voluptatem consequatur explicabo ab quidem et sed.', 1, '2020-12-15 14:14:17', '2020-12-15 14:14:17'),
(45, 2, 'Guillermo Barrows', 'Error necessitatibus dolorum corrupti ut totam est. Nisi consequatur omnis ut harum eos iure. Quam minima nulla qui odit hic praesentium ipsa est. Ea numquam fuga possimus ad qui temporibus quod ipsa.', 2, '2020-12-15 14:14:17', '2020-12-15 14:14:17'),
(46, 88, 'Bradford Robel', 'Alias non provident cupiditate cum minima cupiditate neque. Adipisci repellendus vero impedit aspernatur molestiae. Cumque itaque aut commodi ducimus necessitatibus. Dignissimos eum id cum harum itaque.', 4, '2020-12-15 14:14:17', '2020-12-15 14:14:17'),
(47, 57, 'Katelynn Witting', 'Necessitatibus ab minima expedita voluptas. Tempore nesciunt enim corporis quas quo aut est. Eos saepe repellat facere labore expedita sit.', 3, '2020-12-15 14:14:17', '2020-12-15 14:14:17'),
(48, 41, 'Jedediah Flatley', 'Ex quo voluptatum autem facilis ut molestiae. Id repudiandae dolorum modi libero assumenda quibusdam. Qui est consequatur rerum fuga ipsa architecto.', 2, '2020-12-15 14:14:17', '2020-12-15 14:14:17'),
(49, 86, 'Mr. Orlo Hane IV', 'Aut maxime sapiente veritatis voluptates laudantium. Tempora vel cum itaque est dolorem recusandae et. Et eveniet blanditiis reprehenderit quia non adipisci corrupti distinctio.', 5, '2020-12-15 14:14:17', '2020-12-15 14:14:17'),
(50, 46, 'Ms. Annabelle Kautzer', 'Ratione est quae et. Fugit veniam laboriosam non. Fugiat blanditiis quo provident optio et.', 0, '2020-12-15 14:14:17', '2020-12-15 14:14:17'),
(51, 97, 'Dr. Alayna Bartell DVM', 'Facilis architecto perspiciatis non quisquam dicta error accusantium laboriosam. Est ea asperiores aut pariatur nihil odit. Numquam alias non distinctio voluptas beatae. Unde quo rem possimus vel.', 5, '2020-12-15 14:14:17', '2020-12-15 14:14:17'),
(52, 30, 'Cordell Haag III', 'Nostrum ex non consequatur laudantium enim. Placeat error dolorem consectetur vel ducimus placeat non. Dolores suscipit rerum facilis est. Voluptas enim quis sunt voluptatem minus repellendus aut.', 3, '2020-12-15 14:14:17', '2020-12-15 14:14:17'),
(53, 49, 'Aubree Brakus PhD', 'Ad nemo unde nobis error. Qui culpa accusamus autem atque distinctio earum. Quaerat voluptates sapiente non cupiditate. Suscipit quo cupiditate odio aperiam accusantium veniam.', 1, '2020-12-15 14:14:17', '2020-12-15 14:14:17'),
(54, 37, 'Sandy Bergnaum DDS', 'Culpa et laboriosam esse quod laboriosam molestiae. Eos quia labore recusandae reprehenderit sit maxime dolores. Quis illum et voluptas et.', 3, '2020-12-15 14:14:17', '2020-12-15 14:14:17'),
(55, 91, 'Annabelle Crooks', 'Voluptates dolores molestias aut cumque cupiditate placeat. Magni voluptatum dolore possimus autem quo quia. Commodi qui non et debitis. Non quo dolores repudiandae repellat aut quia minus neque.', 2, '2020-12-15 14:14:17', '2020-12-15 14:14:17'),
(56, 51, 'Archibald Wilderman', 'Totam in aut error exercitationem eum. Dolorem quia eveniet repellat cupiditate. Eos odio dolor ea odit vel.', 3, '2020-12-15 14:14:17', '2020-12-15 14:14:17'),
(57, 76, 'Maryse Frami', 'Magni et perspiciatis sit porro et quis atque. Provident cum blanditiis voluptas perspiciatis numquam fugit itaque illum. Nobis quo nisi dignissimos iure.', 1, '2020-12-15 14:14:17', '2020-12-15 14:14:17'),
(58, 99, 'Heaven Corkery', 'Molestiae quidem porro voluptas incidunt consectetur ea. Expedita quas quae cum velit. Aut deleniti non consequatur soluta animi.', 5, '2020-12-15 14:14:17', '2020-12-15 14:14:17'),
(59, 44, 'Hertha Orn', 'Magnam laboriosam et inventore eum. Molestias quos accusantium id. Voluptatum nihil facere maxime inventore quis.', 5, '2020-12-15 14:14:17', '2020-12-15 14:14:17'),
(60, 4, 'Ashton Towne', 'Voluptatum tempora recusandae autem omnis ut sit. Ullam et provident unde qui velit rem. Magni ratione voluptatem quod facere est et.', 5, '2020-12-15 14:14:17', '2020-12-15 14:14:17'),
(61, 89, 'Stephany Mraz', 'Eos quod ad a qui sit sunt neque non. Dolor quia consequatur beatae. Sequi optio et ut aliquam numquam laboriosam.', 5, '2020-12-15 14:14:17', '2020-12-15 14:14:17'),
(62, 61, 'Lafayette Ankunding', 'Non non voluptatem dolor aliquam eligendi architecto non. Voluptas iste deleniti nulla. Qui quae perspiciatis reiciendis enim accusantium amet ex. Enim dolore et eum qui totam officia voluptas sint.', 4, '2020-12-15 14:14:17', '2020-12-15 14:14:17'),
(63, 12, 'Milo Upton', 'Consequatur nostrum suscipit sequi aut omnis. Pariatur rerum nemo enim praesentium aut possimus. Eum voluptas non qui assumenda voluptates qui nesciunt.', 2, '2020-12-15 14:14:17', '2020-12-15 14:14:17'),
(64, 81, 'Kali Gusikowski DDS', 'Quae quia corporis ab ea minus eum. Sunt itaque eos voluptate mollitia ipsam inventore magni et. Tenetur qui quidem nesciunt quo qui illo.', 5, '2020-12-15 14:14:17', '2020-12-15 14:14:17'),
(65, 72, 'Hosea Morissette', 'Voluptatem minus ipsam consequatur sit voluptatem pariatur sapiente deleniti. Tempora velit rem dolores. Enim occaecati quas et dolor sed sint. Facilis qui enim expedita et quasi soluta rerum.', 3, '2020-12-15 14:14:17', '2020-12-15 14:14:17'),
(66, 95, 'Zackery Weissnat', 'Minima perspiciatis iusto nobis minus. Dicta et consectetur est ad. Qui dolorem sit qui et quaerat quam.', 0, '2020-12-15 14:14:17', '2020-12-15 14:14:17'),
(67, 95, 'Madge Lynch', 'Accusantium enim aut doloribus quo qui aut. Quae debitis molestiae rerum dolore amet eligendi enim fugit. A sit nobis maxime iusto quia eum laborum. Quo quos debitis est.', 4, '2020-12-15 14:14:17', '2020-12-15 14:14:17'),
(68, 83, 'Wanda Larson', 'Dolores omnis omnis nobis facere maiores quaerat. Repellendus illo et qui doloremque. Voluptatem id et et et quia.', 4, '2020-12-15 14:14:17', '2020-12-15 14:14:17'),
(69, 51, 'Prof. Shawn Weissnat', 'Quia culpa ratione tenetur voluptas. Cumque accusantium qui expedita qui accusamus cum. Vel est in incidunt sit in maiores.', 1, '2020-12-15 14:14:17', '2020-12-15 14:14:17'),
(70, 73, 'Mr. Carmine Ratke DVM', 'Reprehenderit repudiandae voluptates est mollitia itaque eum repellat. Ea architecto delectus consectetur blanditiis et illum debitis aperiam. Possimus eveniet deleniti pariatur nisi facere ducimus aliquid.', 0, '2020-12-15 14:14:17', '2020-12-15 14:14:17'),
(71, 66, 'Liam Heller', 'Ex eos ut reiciendis facere atque. Illo animi commodi alias qui.', 0, '2020-12-15 14:14:17', '2020-12-15 14:14:17'),
(72, 32, 'Sydnie Wilderman', 'Doloribus atque quo ex pariatur omnis aut. Non eius autem modi nihil deleniti itaque sunt dicta. Aut iste doloribus nihil necessitatibus.', 1, '2020-12-15 14:14:17', '2020-12-15 14:14:17'),
(73, 63, 'Marcelle Satterfield IV', 'Deserunt dolore quia et est. Corporis ea dolor consequatur quia tempore a ipsa. Tempore sint neque unde ratione necessitatibus sed.', 3, '2020-12-15 14:14:17', '2020-12-15 14:14:17'),
(74, 2, 'Josue Smitham', 'Temporibus dolorem ab ipsa alias voluptas consequuntur sit. Minus est dolorem aut aut qui.', 2, '2020-12-15 14:14:17', '2020-12-15 14:14:17'),
(75, 96, 'Daniella Renner', 'Nostrum excepturi fuga dolores fuga reprehenderit eveniet sed. Commodi quas fuga eveniet natus. Et est ex enim.', 1, '2020-12-15 14:14:17', '2020-12-15 14:14:17'),
(76, 34, 'Prof. Anderson Johnson I', 'Eligendi placeat voluptates velit. Quae rem voluptas adipisci voluptas. Est accusantium accusantium maiores ex maxime qui.', 2, '2020-12-15 14:14:17', '2020-12-15 14:14:17'),
(77, 31, 'Beaulah Von', 'At aspernatur unde laudantium cum. Aliquam in impedit facilis nulla debitis. Dolor eos ut ducimus sed sint. Et eum repudiandae non neque eligendi rerum.', 3, '2020-12-15 14:14:17', '2020-12-15 14:14:17'),
(78, 27, 'Lily Gleason', 'Laudantium aut voluptatem recusandae harum non. Sequi nemo et qui magni ducimus. Architecto molestiae et libero beatae velit libero excepturi. Qui officiis eum vero ullam quidem minima quia.', 4, '2020-12-15 14:14:17', '2020-12-15 14:14:17'),
(79, 54, 'Dr. Elliot Barrows III', 'Ducimus optio porro nostrum. Eum quis animi fugiat voluptas animi asperiores ipsum. Natus deserunt et accusamus animi aut.', 2, '2020-12-15 14:14:17', '2020-12-15 14:14:17'),
(80, 6, 'Lorna Kling', 'Voluptatem aspernatur inventore deleniti ullam similique eius. In necessitatibus voluptates quisquam sequi quae eos. Voluptas corrupti suscipit eum voluptas.', 0, '2020-12-15 14:14:17', '2020-12-15 14:14:17'),
(81, 8, 'Asha Torphy II', 'In enim nam molestiae quae. Ab maxime et aliquam soluta saepe. Sequi consequatur id magnam praesentium.', 0, '2020-12-15 14:14:17', '2020-12-15 14:14:17'),
(82, 4, 'Amie Lind', 'Dolor voluptatum qui eius omnis. Deleniti sint ex ea odit tenetur sunt fugit. Maiores soluta assumenda facilis est maiores autem officiis. Reprehenderit nemo facere doloribus.', 0, '2020-12-15 14:14:17', '2020-12-15 14:14:17'),
(83, 86, 'Ayana Monahan', 'Voluptatem dolores nihil incidunt consequuntur occaecati distinctio et. Alias vel molestias quia officia. Autem officia quia voluptate molestias. Accusantium nobis et sunt necessitatibus dignissimos voluptas ut enim.', 4, '2020-12-15 14:14:17', '2020-12-15 14:14:17'),
(84, 87, 'Alanna Moen', 'Amet molestiae commodi ex numquam. Distinctio tempore optio nemo voluptatem officiis vitae. Incidunt tempora aliquam ullam nihil ut.', 3, '2020-12-15 14:14:17', '2020-12-15 14:14:17'),
(85, 56, 'Adrian Waters', 'Sit recusandae consequuntur dignissimos molestias qui sit consequatur. Quia possimus iste maxime. Doloribus voluptatum autem nihil voluptas iure quasi. Laudantium quae perspiciatis et et dolorem beatae.', 4, '2020-12-15 14:14:17', '2020-12-15 14:14:17'),
(86, 16, 'Mrs. Chelsea Schneider', 'Quibusdam quo voluptatem repudiandae explicabo doloremque perspiciatis doloribus. Recusandae reiciendis ut enim quia.', 1, '2020-12-15 14:14:17', '2020-12-15 14:14:17'),
(87, 64, 'Prof. Myrtle Balistreri DVM', 'Occaecati laudantium aut et iste laborum minus. Et dolorem sequi molestiae ipsum corporis numquam. Voluptas deserunt officiis est repudiandae qui. Facilis est ut omnis totam deserunt. Architecto expedita pariatur et voluptatem.', 0, '2020-12-15 14:14:17', '2020-12-15 14:14:17'),
(88, 13, 'Gerda Kirlin I', 'Soluta quisquam nihil voluptatem sint ex et quidem. Temporibus labore atque fugit autem optio tempora. Dicta et minima saepe ea officiis amet est.', 1, '2020-12-15 14:14:17', '2020-12-15 14:14:17'),
(89, 74, 'Emma Heidenreich IV', 'Aut dignissimos rerum perspiciatis eum. Deleniti neque qui alias laboriosam pariatur. Ipsam amet consequatur quisquam minima. Fugit quam eveniet vel velit eos quam.', 2, '2020-12-15 14:14:17', '2020-12-15 14:14:17'),
(90, 89, 'Toni Metz', 'Veniam unde omnis eligendi voluptatem exercitationem. Ea qui eos facilis cum quia tenetur molestiae.', 1, '2020-12-15 14:14:17', '2020-12-15 14:14:17'),
(91, 54, 'Grayson Gleichner DVM', 'Voluptas molestiae sed quia qui fugiat et. Est soluta necessitatibus consequatur consequatur molestiae quod totam. Accusantium quia saepe eum quisquam non.', 2, '2020-12-15 14:14:17', '2020-12-15 14:14:17'),
(92, 40, 'Prof. Constance Kunze', 'Esse neque sed doloremque veniam ea sit. Repellendus numquam neque dicta molestiae.', 3, '2020-12-15 14:14:17', '2020-12-15 14:14:17'),
(93, 55, 'Lisandro Sawayn MD', 'Aspernatur ipsa cum explicabo sit corrupti. Mollitia voluptatem sed suscipit provident voluptate illo facere impedit. Labore eligendi culpa quas quia et occaecati.', 3, '2020-12-15 14:14:17', '2020-12-15 14:14:17'),
(94, 60, 'Ms. Aliza Cormier II', 'Vel distinctio consequatur debitis tempora facilis. Id repudiandae tempore et ab sunt saepe cum. Est et quia totam minus. Excepturi vero aliquam voluptates maxime eum veritatis error. Odit alias quia corrupti ea voluptatem expedita ut dolor.', 5, '2020-12-15 14:14:17', '2020-12-15 14:14:17'),
(95, 64, 'Luella Osinski', 'Tenetur consectetur ullam quo enim eaque nisi sit nihil. Corrupti est hic dolores. Et velit quidem quo sint molestiae. Maiores eum quia sunt culpa ut officia recusandae.', 2, '2020-12-15 14:14:17', '2020-12-15 14:14:17'),
(96, 69, 'Mrs. Alverta Auer II', 'Aut dolor sed beatae nihil enim labore veritatis. Reprehenderit incidunt laudantium reprehenderit. Explicabo dolor nihil soluta. Est quis rem qui nulla nostrum cupiditate natus. Voluptas explicabo esse quia eveniet iusto.', 3, '2020-12-15 14:14:17', '2020-12-15 14:14:17'),
(97, 47, 'Coralie Hilpert III', 'Nemo occaecati at est quisquam non quia. Eligendi ducimus et et dignissimos deleniti. Voluptatum ut non dicta et et velit corporis. Beatae non laborum quas et non.', 0, '2020-12-15 14:14:17', '2020-12-15 14:14:17'),
(98, 45, 'Eloise Hermann', 'Assumenda et incidunt ut non aliquid. Quam eos autem qui hic incidunt temporibus qui. Voluptatem repellendus voluptas ex.', 5, '2020-12-15 14:14:17', '2020-12-15 14:14:17'),
(99, 89, 'Dr. Garrick Kirlin', 'Est accusamus enim magni at. Et consectetur voluptate temporibus rem molestiae commodi consequatur. Praesentium eum nesciunt excepturi enim et. Consequatur quia voluptas aut odit.', 0, '2020-12-15 14:14:17', '2020-12-15 14:14:17'),
(100, 48, 'Rafael Weber', 'Architecto id est eos facere eos est autem aut. Ut error ipsam nihil velit. Deleniti illum assumenda soluta qui explicabo. Sint accusantium consequatur sed est.', 5, '2020-12-15 14:14:17', '2020-12-15 14:14:17'),
(101, 92, 'Conrad Rosenbaum', 'Sunt at adipisci ipsam sed voluptate. Dolor ea rerum sit velit dolorem rerum. Dicta quisquam ut earum voluptatem tempore. Iste enim ipsum provident est cupiditate ea sint. Sed eos a aut atque voluptas nisi.', 2, '2020-12-15 14:14:17', '2020-12-15 14:14:17'),
(102, 97, 'Dale Durgan MD', 'Laborum sed molestiae qui vel voluptatibus. Aliquam est cumque quidem id. Esse neque impedit quisquam id harum.', 1, '2020-12-15 14:14:17', '2020-12-15 14:14:17'),
(103, 73, 'Mr. Carmine Streich', 'Accusantium enim deleniti voluptas et labore. Cumque voluptatem nobis consequatur temporibus tenetur. Quod similique voluptatem maxime aut.', 0, '2020-12-15 14:14:17', '2020-12-15 14:14:17'),
(104, 37, 'Ray Halvorson IV', 'Molestias minima odio est. Molestiae totam placeat labore saepe. Non ea eaque ullam a omnis sed non. Consequuntur ipsam perferendis sunt omnis quaerat.', 3, '2020-12-15 14:14:17', '2020-12-15 14:14:17'),
(105, 57, 'Marvin Hill', 'Vitae dolores omnis aut vero dolorum eius. Vel velit id officia blanditiis et. Eaque quo quasi distinctio placeat dolores dolorum sit.', 1, '2020-12-15 14:14:17', '2020-12-15 14:14:17'),
(106, 26, 'Mr. Horace Bauch', 'Est pariatur voluptas illo rerum ratione asperiores sunt. Consequatur beatae maxime sunt. Enim quos dicta ut omnis rerum sint.', 3, '2020-12-15 14:14:17', '2020-12-15 14:14:17'),
(107, 76, 'Miss Letitia Mills', 'Molestias deleniti non incidunt tempora qui quaerat eveniet. Consequatur ipsam impedit earum fuga. Rerum optio asperiores eius corrupti et dolor inventore voluptatem.', 1, '2020-12-15 14:14:17', '2020-12-15 14:14:17'),
(108, 73, 'Angelina Lesch Sr.', 'Aut atque qui voluptas fugiat et sed aut a. Tempore fuga occaecati tempore doloremque dolores ut eveniet. Eligendi est est labore delectus repellat exercitationem ut. Fugiat quas maiores nam.', 3, '2020-12-15 14:14:17', '2020-12-15 14:14:17'),
(109, 3, 'Valentina Wintheiser', 'Et sed aut voluptates dolore. Delectus deleniti eius aperiam aut aut est eum. Error tenetur eligendi deserunt optio voluptates ad. Voluptatem dicta tempora reiciendis vitae sit.', 3, '2020-12-15 14:14:17', '2020-12-15 14:14:17'),
(110, 11, 'Ashton Schmeler', 'Et ut dolor consequatur nisi ut ipsam nobis. Et voluptatem eum non architecto et distinctio. Ad numquam eos blanditiis distinctio ad explicabo.', 4, '2020-12-15 14:14:17', '2020-12-15 14:14:17'),
(111, 38, 'Gabriel Yundt', 'Praesentium optio quisquam nulla porro nihil. Sed cumque vel inventore quisquam sit. Cum ipsa provident occaecati deserunt labore quas voluptatibus.', 3, '2020-12-15 14:14:17', '2020-12-15 14:14:17'),
(112, 80, 'Domingo Harvey', 'Omnis sit explicabo doloribus. Cumque sed doloremque sequi quam et. Sit aut natus quas quam. Cum id mollitia et incidunt est dolorem.', 3, '2020-12-15 14:14:17', '2020-12-15 14:14:17'),
(113, 83, 'Vaughn Corkery', 'Id culpa incidunt est nostrum id libero recusandae. Odit debitis deleniti culpa adipisci porro ut in. Velit omnis in non. Dolor sint nihil voluptatem.', 3, '2020-12-15 14:14:17', '2020-12-15 14:14:17'),
(114, 79, 'Hank Mosciski', 'Reiciendis ut voluptatem soluta sunt. Alias optio totam omnis. Omnis beatae libero ad inventore voluptatum possimus omnis.', 4, '2020-12-15 14:14:17', '2020-12-15 14:14:17'),
(115, 12, 'Laverna Wiza', 'Dolor eum est enim sit. Alias pariatur occaecati nihil mollitia beatae. Qui dolorem architecto explicabo officia sint nostrum expedita. Debitis pariatur aut nostrum rerum et.', 3, '2020-12-15 14:14:17', '2020-12-15 14:14:17'),
(116, 63, 'Carlos Deckow', 'Itaque esse nemo eos aut quo repellendus. Cum temporibus nulla repellendus temporibus hic error. Atque odit sed maiores est esse minima.', 4, '2020-12-15 14:14:17', '2020-12-15 14:14:17'),
(117, 91, 'Joy Hamill', 'Numquam vel quidem quo vel praesentium eaque. Quod temporibus occaecati reprehenderit voluptates eius sit delectus. Sint amet numquam laborum consectetur.', 3, '2020-12-15 14:14:17', '2020-12-15 14:14:17'),
(118, 86, 'Annetta Wisozk', 'Accusamus dolores consectetur voluptas iste et. Cumque sapiente consequatur veniam nostrum molestiae sint. Voluptatem error illum et voluptas est.', 4, '2020-12-15 14:14:17', '2020-12-15 14:14:17'),
(119, 85, 'Hailie Hayes', 'Est quis ad necessitatibus. Ab error dolores eum repudiandae. Est labore sed fugit explicabo.', 3, '2020-12-15 14:14:17', '2020-12-15 14:14:17'),
(120, 97, 'Nora Runolfsdottir MD', 'Distinctio veritatis aliquid a sunt. Accusamus tenetur repellendus occaecati eos et. Reiciendis distinctio ducimus omnis. Aut vitae cumque minus vel.', 0, '2020-12-15 14:14:17', '2020-12-15 14:14:17'),
(121, 36, 'Vincent Larkin', 'Nihil atque voluptas reprehenderit consequuntur. Fuga temporibus placeat placeat quis sit quas quisquam. Qui cumque reprehenderit consequatur adipisci. Quis iure non quisquam rerum odit.', 0, '2020-12-15 14:14:17', '2020-12-15 14:14:17'),
(122, 63, 'Dwight Greenholt', 'Odit natus voluptas explicabo ut et quia ut. Eum at porro velit sequi et. Sit alias consequatur omnis nam minus nesciunt quos.', 3, '2020-12-15 14:14:17', '2020-12-15 14:14:17'),
(123, 3, 'Elvis Thiel', 'Natus eaque nihil architecto eos. Hic eaque tempore consequatur. Quaerat beatae consectetur quam asperiores et magni rerum. Libero soluta occaecati aperiam quibusdam debitis.', 3, '2020-12-15 14:14:17', '2020-12-15 14:14:17'),
(124, 23, 'Prof. Terrell Heller', 'Et sint eius omnis eos veniam est. Doloremque odio qui nemo quia blanditiis. Placeat animi et magni commodi dignissimos et. Recusandae ipsum ullam quasi adipisci quas fuga quia.', 3, '2020-12-15 14:14:17', '2020-12-15 14:14:17'),
(125, 29, 'Dr. Jake Gerlach', 'Fugiat est molestiae vitae in. Necessitatibus quia molestias aut sequi dolorum. Rerum quis quis perspiciatis quos in nam. Esse eos rerum reprehenderit laboriosam.', 2, '2020-12-15 14:14:17', '2020-12-15 14:14:17'),
(126, 89, 'Enrico Stroman', 'Voluptas totam nam suscipit similique. Reiciendis optio tenetur sit esse quia sequi. Dolor voluptatum rem ea et.', 3, '2020-12-15 14:14:17', '2020-12-15 14:14:17'),
(127, 82, 'Madison Quitzon', 'Sit ipsam sequi quis. Perspiciatis aliquid eveniet ad enim est architecto.', 2, '2020-12-15 14:14:17', '2020-12-15 14:14:17'),
(128, 69, 'Lilyan Sporer', 'Atque distinctio possimus dolor omnis repellendus est quia. Ullam repellendus possimus repellat autem dicta. Est quis voluptates ut. Vel accusamus voluptatibus vel itaque maxime quia nemo aut.', 3, '2020-12-15 14:14:17', '2020-12-15 14:14:17'),
(129, 4, 'Elbert Shields', 'Voluptatem accusantium fugit labore assumenda itaque perspiciatis. Corporis debitis in asperiores aliquid pariatur quis exercitationem. In minima aliquam beatae ex est ex.', 4, '2020-12-15 14:14:17', '2020-12-15 14:14:17'),
(130, 21, 'Coty Strosin PhD', 'Enim quas explicabo repellat iure non corrupti. Laboriosam nostrum dolorem esse facere molestiae. Rerum fuga non unde. Dicta tempore et amet perspiciatis impedit adipisci.', 4, '2020-12-15 14:14:17', '2020-12-15 14:14:17'),
(131, 55, 'Geraldine Kreiger PhD', 'Modi ea sint repellat molestias. Est dignissimos cumque corporis consequatur. Molestias aperiam labore sapiente qui dolorem voluptatem aperiam. Atque ut sapiente assumenda autem consequatur quo.', 0, '2020-12-15 14:14:17', '2020-12-15 14:14:17'),
(132, 9, 'Kurt Sporer', 'Eveniet ad nesciunt sit dolore eum eos aspernatur. Eligendi voluptatum est eaque officia expedita. Nihil non sint error voluptatum accusantium consectetur suscipit. Maiores odio animi sed qui.', 2, '2020-12-15 14:14:17', '2020-12-15 14:14:17'),
(133, 39, 'Cecil Bode', 'Cum qui reprehenderit unde. Est consequuntur eos qui soluta nisi quia. Reprehenderit magnam quasi dolores laborum nam animi eum non. Maxime et illo distinctio qui.', 3, '2020-12-15 14:14:17', '2020-12-15 14:14:17'),
(134, 9, 'Braden Torphy', 'Dolorum doloremque vero aliquam voluptatem deserunt. Est at odit voluptatem soluta.', 1, '2020-12-15 14:14:17', '2020-12-15 14:14:17'),
(135, 82, 'Prof. Cruz Zulauf MD', 'Atque ipsum est sint amet magnam sit praesentium. Quaerat voluptatem quibusdam distinctio qui sed ipsum qui.', 5, '2020-12-15 14:14:17', '2020-12-15 14:14:17'),
(136, 23, 'Ms. Veda Simonis', 'Incidunt repudiandae quia placeat nam enim vel. Consequatur et aut voluptas qui illum.', 1, '2020-12-15 14:14:17', '2020-12-15 14:14:17'),
(137, 51, 'Dr. Hermina Bailey I', 'Id at est maxime quo. Omnis incidunt magni dolores aut voluptas porro voluptas aut. Voluptas et facere et nam quo molestiae eaque dolores. Sed eius aut adipisci atque ad.', 4, '2020-12-15 14:14:17', '2020-12-15 14:14:17'),
(138, 22, 'Derek Kemmer', 'Sapiente quisquam quam eum ea sunt in laborum dignissimos. Libero assumenda qui modi ducimus et voluptatem alias. Veritatis culpa magnam sed eaque rerum tempore laborum.', 5, '2020-12-15 14:14:17', '2020-12-15 14:14:17'),
(139, 33, 'Camilla Klein', 'Eveniet inventore fugit molestias nesciunt. Architecto quisquam rerum deserunt quos consectetur.', 2, '2020-12-15 14:14:17', '2020-12-15 14:14:17'),
(140, 49, 'Garland Cummings', 'Quae saepe voluptas esse ducimus distinctio. Et nobis neque neque dolores asperiores cupiditate. Et laborum quasi quasi reiciendis fugiat vero.', 1, '2020-12-15 14:14:17', '2020-12-15 14:14:17'),
(141, 80, 'Gay Block', 'Consequatur omnis sed temporibus consequatur rerum quis possimus et. Consequuntur dolorem et ut cumque omnis nobis. Adipisci inventore dolorum quos rem dolores. Voluptatem veniam perferendis vel accusamus voluptas aliquam maxime.', 0, '2020-12-15 14:14:17', '2020-12-15 14:14:17'),
(142, 8, 'Ms. Hilda Von', 'Minus architecto aspernatur voluptas quis et asperiores eaque. Et quia quod iste sint sit. Fugiat sint dolorum quo.', 2, '2020-12-15 14:14:17', '2020-12-15 14:14:17'),
(143, 7, 'Chelsie Huel', 'Aut iusto fugiat aliquid autem sunt cum. Veniam fuga consequatur sint perferendis quia facere sed. Culpa fugiat delectus sit facilis ut blanditiis sunt. Quis officiis fugit suscipit esse veritatis illo est sint.', 4, '2020-12-15 14:14:17', '2020-12-15 14:14:17'),
(144, 80, 'Kristoffer Mueller', 'Delectus et esse neque ut rerum et. Aliquam quia beatae quia veritatis vero itaque. Eum enim et perferendis aliquam incidunt inventore beatae. Saepe aut sed facilis fuga dolorem dolores cupiditate.', 4, '2020-12-15 14:14:17', '2020-12-15 14:14:17'),
(145, 30, 'Florine Kessler', 'Culpa inventore consequatur quidem sint magnam. Sunt et quo rem eligendi sit corporis saepe.', 3, '2020-12-15 14:14:17', '2020-12-15 14:14:17'),
(146, 18, 'Miss Augustine Rodriguez', 'Quisquam et eaque cum ea dignissimos est perferendis. Ut aut sunt corporis officiis quia a hic. Vel deleniti sed eius voluptatem debitis quos. Aut odio in qui ullam recusandae.', 0, '2020-12-15 14:14:17', '2020-12-15 14:14:17'),
(147, 31, 'Adan Schuster', 'Ea iure debitis hic beatae qui dignissimos enim. Eos dolor veritatis aut consequatur ad quidem nostrum. Quo ipsum ducimus accusantium accusamus sit necessitatibus repellat.', 2, '2020-12-15 14:14:17', '2020-12-15 14:14:17'),
(148, 90, 'Dr. Queen Wolff', 'Dicta non quo nihil. At eaque consequuntur reiciendis voluptate ipsum. Accusamus sint voluptatem aliquam eveniet.', 1, '2020-12-15 14:14:17', '2020-12-15 14:14:17'),
(149, 70, 'Dulce Fadel PhD', 'Aut rerum illo illo nisi culpa ducimus qui nemo. Eum fugit et autem consectetur iure. Dolor aut recusandae et eos maxime.', 4, '2020-12-15 14:14:17', '2020-12-15 14:14:17'),
(150, 79, 'Braulio Gerlach', 'Dolores deserunt vel et. A vitae qui commodi velit. Officia quasi minima blanditiis distinctio.', 2, '2020-12-15 14:14:17', '2020-12-15 14:14:17'),
(151, 67, 'Kayla Cummings', 'Autem ipsam consectetur vero quisquam omnis velit maxime. Est voluptate quae aspernatur aut. Dolor fugit modi rerum amet. Mollitia eligendi mollitia architecto harum.', 3, '2020-12-15 14:14:17', '2020-12-15 14:14:17'),
(152, 57, 'Shea Hammes', 'Dolor beatae necessitatibus iure sint. Aliquid quia quae qui voluptatum suscipit eum dicta. Alias cupiditate commodi nihil magnam sit natus. Deleniti enim qui aut quod doloremque molestias.', 5, '2020-12-15 14:14:17', '2020-12-15 14:14:17'),
(153, 49, 'Winfield Thompson', 'Deleniti tempore magni aut ut assumenda iure. Porro reprehenderit ipsa maxime quis doloribus. Qui quam dolorem ullam quibusdam qui voluptas.', 1, '2020-12-15 14:14:17', '2020-12-15 14:14:17'),
(154, 77, 'Cordie Bernier DDS', 'Repellat omnis tenetur et nemo sit doloribus nulla. Minus dignissimos voluptate qui officiis dolores voluptatem odio. Ad non et fugit dignissimos ducimus voluptates soluta. Qui rerum error qui quo quo quia.', 2, '2020-12-15 14:14:17', '2020-12-15 14:14:17'),
(155, 80, 'Flavio Kub Jr.', 'Quis alias omnis repellat perspiciatis et voluptatem similique. Ut aut necessitatibus sunt ad voluptatibus consequuntur corrupti. Dolorem qui modi in dolores est dolor quaerat. Laboriosam quos delectus quia ad ea error excepturi.', 3, '2020-12-15 14:14:17', '2020-12-15 14:14:17'),
(156, 63, 'Nikolas Baumbach', 'Illo sunt est quibusdam asperiores voluptas expedita impedit minima. Doloremque similique hic nam omnis iure est. Sit excepturi voluptatem nostrum. Rerum repellat voluptas sed quas placeat autem nesciunt et.', 4, '2020-12-15 14:14:17', '2020-12-15 14:14:17'),
(157, 32, 'Lulu Balistreri', 'Reiciendis rerum culpa qui distinctio quia quis. Et laborum occaecati magnam iure. Sint aspernatur et quis laborum eaque. Quis facere placeat porro voluptas eveniet.', 2, '2020-12-15 14:14:17', '2020-12-15 14:14:17'),
(158, 72, 'Lee Lehner', 'Cumque non minus consequatur qui nostrum consequatur. Consequatur dolor est est alias dolore. Laboriosam labore est ut possimus libero sint.', 3, '2020-12-15 14:14:17', '2020-12-15 14:14:17'),
(159, 20, 'Darrion Ledner', 'Fuga esse fugit quo illo. Eum ut nemo suscipit consequatur ea debitis quo facere.', 3, '2020-12-15 14:14:17', '2020-12-15 14:14:17'),
(160, 25, 'Jeremy Paucek III', 'Nihil accusantium doloribus sunt saepe harum laborum incidunt. Voluptate dolor dolore non est ut culpa doloribus. Officia et eius aut ipsum voluptatem.', 3, '2020-12-15 14:14:17', '2020-12-15 14:14:17'),
(161, 50, 'Gust Connelly V', 'Fugiat incidunt similique officiis. Numquam deserunt veritatis exercitationem nihil laborum commodi. Dolor magni quia est doloribus nesciunt. Soluta quo hic esse necessitatibus eum. Sit molestiae omnis et consequatur.', 1, '2020-12-15 14:14:17', '2020-12-15 14:14:17'),
(162, 64, 'Brandt Kshlerin', 'Eveniet nemo voluptatem delectus nam. Ex enim est voluptatem mollitia. Commodi quo necessitatibus adipisci corrupti nemo facilis sit itaque.', 4, '2020-12-15 14:14:17', '2020-12-15 14:14:17'),
(163, 66, 'Addison Aufderhar', 'Consequatur sed quo eum explicabo odit. Odit suscipit error est rerum. Aliquam est aut libero laudantium possimus.', 1, '2020-12-15 14:14:17', '2020-12-15 14:14:17'),
(164, 59, 'Mrs. Alexane Rowe', 'Cumque tempore ipsum cumque perferendis. Fuga eum eos est sint alias aliquam id nihil. Quaerat non expedita voluptatem. Asperiores reiciendis harum corrupti.', 0, '2020-12-15 14:14:17', '2020-12-15 14:14:17'),
(165, 53, 'Jeremie Dicki', 'Laboriosam qui consequatur facilis in ducimus quia. Similique repellat ullam at beatae commodi. Ratione consectetur ipsam ratione voluptatem illum perferendis esse.', 3, '2020-12-15 14:14:17', '2020-12-15 14:14:17'),
(166, 46, 'Shanie Gibson', 'Qui excepturi necessitatibus unde est corporis. Commodi soluta aut quam magnam vitae. Deserunt occaecati maiores est enim eos.', 1, '2020-12-15 14:14:17', '2020-12-15 14:14:17'),
(167, 85, 'Jamil Gislason IV', 'Officiis dolore incidunt soluta in iusto exercitationem commodi quasi. Aut dolorum id tenetur et facere facilis. Voluptatem ipsa voluptatem sint eius.', 0, '2020-12-15 14:14:17', '2020-12-15 14:14:17'),
(168, 10, 'Dr. Maurice Gerhold', 'Dignissimos optio voluptatibus voluptatum id dolor possimus tempora. Perspiciatis repudiandae quod odit eum provident ut sit. Quisquam voluptatem labore rerum. Totam deserunt ut quia natus quod.', 5, '2020-12-15 14:14:17', '2020-12-15 14:14:17'),
(169, 99, 'Darby Smith', 'Repellat consectetur ullam ipsum dolor. Architecto vero blanditiis placeat dolorem et rerum odit. Aspernatur id iure pariatur praesentium et animi. Et nulla enim occaecati et quo.', 1, '2020-12-15 14:14:17', '2020-12-15 14:14:17'),
(170, 98, 'Prof. Lilly Boehm III', 'Vel neque et esse omnis impedit. Unde eum voluptas est beatae enim et. Officia repellat laboriosam qui voluptatem fugit odio aliquid. Natus ea incidunt et dolor magni commodi.', 4, '2020-12-15 14:14:17', '2020-12-15 14:14:17'),
(171, 73, 'Aurelia Brakus', 'Maiores qui accusantium doloremque praesentium recusandae nobis. Minus voluptas sint rerum dolores. Atque iste accusantium necessitatibus aspernatur aliquid velit. Eveniet alias hic sint eos molestias.', 4, '2020-12-15 14:14:17', '2020-12-15 14:14:17'),
(172, 71, 'Vivianne Parisian', 'Et distinctio ut quidem et debitis reprehenderit illum. Magni deserunt quis corporis explicabo incidunt. Exercitationem voluptatibus dignissimos dolorem consequuntur omnis. Et aspernatur ab quos sequi illum sapiente.', 3, '2020-12-15 14:14:17', '2020-12-15 14:14:17'),
(173, 98, 'Savannah Gutmann', 'Placeat iusto eum et illo. Voluptas in qui suscipit voluptate et aut unde.', 3, '2020-12-15 14:14:17', '2020-12-15 14:14:17'),
(174, 8, 'Houston Hintz', 'Eum aut deserunt omnis aliquid. Id eum ut ipsum deleniti perferendis eaque et. Eos rerum facilis rerum quia non non commodi. Architecto ipsam repellendus quae autem voluptas fuga.', 3, '2020-12-15 14:14:17', '2020-12-15 14:14:17'),
(175, 11, 'Dr. Arvel Von I', 'Ut et in beatae beatae. Voluptatem et mollitia et molestiae. Ut explicabo voluptatem tenetur dolores minus veniam. Labore ad voluptas dolores non.', 4, '2020-12-15 14:14:17', '2020-12-15 14:14:17'),
(176, 78, 'Victor Lakin', 'Tempore harum expedita perspiciatis ut exercitationem quasi enim. At hic suscipit est architecto laudantium minus. Quia non error dignissimos dolor non cum.', 1, '2020-12-15 14:14:17', '2020-12-15 14:14:17'),
(177, 72, 'Grant Zulauf', 'Ullam labore veritatis libero aliquam. Neque rem ut sunt omnis placeat et enim. Inventore sunt autem velit recusandae voluptas rerum rerum reiciendis.', 3, '2020-12-15 14:14:17', '2020-12-15 14:14:17'),
(178, 39, 'Filomena Bauch MD', 'Exercitationem repellat voluptas in eum quia cupiditate nobis. Ea nesciunt architecto quaerat velit. Saepe culpa ex et doloribus sit ab ea.', 0, '2020-12-15 14:14:17', '2020-12-15 14:14:17'),
(179, 36, 'Horacio Boyle', 'Ea sunt deleniti nihil quo possimus magni est. Consequuntur ab quam et id. Assumenda et sint illo voluptas.', 3, '2020-12-15 14:14:17', '2020-12-15 14:14:17'),
(180, 96, 'Dr. Roberta Satterfield', 'Consequatur ipsum nihil voluptatem aut sed. Corporis atque fugiat aut totam quaerat deserunt repudiandae. Eveniet vero accusamus quaerat perferendis qui alias perferendis.', 5, '2020-12-15 14:14:17', '2020-12-15 14:14:17'),
(181, 23, 'Johnny Wilderman', 'Sunt iste tenetur aut ratione. Dolor ullam et maxime quia provident. Optio qui et in earum amet ut cumque. Aut facere quod delectus nostrum deleniti et.', 1, '2020-12-15 14:14:17', '2020-12-15 14:14:17'),
(182, 81, 'Wendell Mayer', 'Earum non velit ab accusantium modi deleniti. Expedita similique minima est expedita cumque culpa. Libero debitis et dolorem qui. Deserunt quis et est quo unde veritatis.', 2, '2020-12-15 14:14:17', '2020-12-15 14:14:17'),
(183, 84, 'Matteo Keeling', 'Qui minus laboriosam vitae incidunt aliquid. Eligendi consequatur cupiditate molestiae corrupti enim. Quibusdam sint a blanditiis vel voluptatem. Ex voluptate est nam voluptas.', 0, '2020-12-15 14:14:17', '2020-12-15 14:14:17'),
(184, 55, 'Darlene Okuneva', 'Nam eveniet ipsa odit maiores veniam assumenda et ut. Aut laborum rerum quo at facilis nesciunt. Et et molestiae reprehenderit possimus vitae. A fugit dolores dolor in ex.', 4, '2020-12-15 14:14:17', '2020-12-15 14:14:17'),
(185, 90, 'Mr. Barney Kunde', 'Quaerat cumque repellat sint a nulla ipsam molestiae tempora. Quo quis dolor velit dignissimos. Numquam et provident ut veniam.', 1, '2020-12-15 14:14:17', '2020-12-15 14:14:17'),
(186, 84, 'Dedrick Corwin PhD', 'In suscipit voluptatibus ea aut sed impedit. Sint voluptatem corporis similique eligendi eos. Vel ipsam voluptas nobis consequuntur beatae ut omnis.', 3, '2020-12-15 14:14:17', '2020-12-15 14:14:17'),
(187, 63, 'Shea Ullrich', 'Eveniet rem quo illum atque qui est. Consequuntur aspernatur fuga iste consectetur sed enim. Qui eos aut temporibus.', 2, '2020-12-15 14:14:17', '2020-12-15 14:14:17'),
(188, 2, 'Felipe Stroman', 'Vel tenetur optio ipsa. Architecto quis eos expedita dolorem. Et eos recusandae animi laboriosam dolorem natus animi vitae.', 2, '2020-12-15 14:14:17', '2020-12-15 14:14:17'),
(189, 81, 'Isom Cummings', 'Ducimus voluptatem adipisci recusandae adipisci. Vel aspernatur doloremque temporibus ullam consequatur qui. Saepe qui cumque explicabo ipsam dignissimos. Velit natus fuga ducimus dolor.', 2, '2020-12-15 14:14:17', '2020-12-15 14:14:17'),
(190, 28, 'Loyal Armstrong', 'Error nihil voluptatum dolore et. Non asperiores voluptatem nihil quia. Voluptas debitis provident ad qui. Quia quis sequi id nemo est nam.', 2, '2020-12-15 14:14:17', '2020-12-15 14:14:17'),
(191, 27, 'Bernard Thompson', 'Eos placeat eum mollitia. Sunt quos est cum rerum quibusdam. Ut autem ullam perferendis recusandae atque. Facilis aut facilis eos aut sequi.', 3, '2020-12-15 14:14:17', '2020-12-15 14:14:17'),
(192, 8, 'Kianna Spencer', 'Esse iste asperiores ducimus possimus aliquam. Delectus neque velit dolores vel nihil. Recusandae fugit consequatur voluptates autem non rerum accusantium.', 2, '2020-12-15 14:14:17', '2020-12-15 14:14:17'),
(193, 22, 'Kurt Herzog', 'Consequatur qui temporibus neque in odit. Eligendi non et itaque et quo nemo. Quia deserunt eveniet ut. Nihil accusamus repellat illum quo.', 5, '2020-12-15 14:14:17', '2020-12-15 14:14:17'),
(194, 58, 'Mr. Sage Adams', 'Vel vero delectus velit sed dolore at qui. Ut soluta cupiditate et at soluta tenetur sapiente. Est id laborum perferendis.', 1, '2020-12-15 14:14:17', '2020-12-15 14:14:17'),
(195, 97, 'Monserrate Hand', 'Velit maxime culpa sit delectus. Repellendus ad itaque aut ipsam.', 3, '2020-12-15 14:14:17', '2020-12-15 14:14:17'),
(196, 2, 'Mr. Korey Corkery DDS', 'Aut vel et vero doloribus qui ipsa. Tenetur neque non omnis omnis soluta ex. Expedita beatae est provident aliquam pariatur rerum. Corrupti ab autem non optio.', 1, '2020-12-15 14:14:17', '2020-12-15 14:14:17'),
(197, 8, 'Vella Brekke', 'Harum aut exercitationem iusto blanditiis voluptatibus unde. Voluptas cupiditate animi soluta. Qui culpa et sint beatae error inventore. Quia sint ratione dolorem earum consequatur ullam.', 3, '2020-12-15 14:14:17', '2020-12-15 14:14:17'),
(198, 16, 'Luella Strosin', 'Enim in porro cupiditate ut illum nihil. Sit modi sequi voluptatem.', 3, '2020-12-15 14:14:17', '2020-12-15 14:14:17'),
(199, 91, 'Lulu Wolff', 'Voluptatem nam maxime minima cum neque. Numquam dolores quia sed. Est molestiae labore facilis occaecati deserunt sit. Dolores recusandae perspiciatis ipsam qui. Quo inventore modi est in.', 0, '2020-12-15 14:14:17', '2020-12-15 14:14:17'),
(200, 80, 'Quinten Lubowitz', 'Enim quis ipsam deserunt consequatur ut dignissimos. Ut quo quis consequatur non cum corrupti. Aut repellendus dolores earum corporis consequatur.', 1, '2020-12-15 14:14:17', '2020-12-15 14:14:17'),
(201, 59, 'Dr. Bo Hettinger', 'Et laboriosam unde consequatur ea nesciunt in. Perferendis rerum sit non sed explicabo minus. Quaerat eos illo impedit ut quam et qui.', 3, '2020-12-15 14:14:17', '2020-12-15 14:14:17'),
(202, 96, 'Tomasa Hodkiewicz', 'Et neque mollitia vel dolorum est. Eum minus numquam velit ipsa. Ut deserunt voluptas velit quae laboriosam aut sint.', 1, '2020-12-15 14:14:18', '2020-12-15 14:14:18'),
(203, 1, 'Miss Mabel Heidenreich DDS', 'Adipisci libero non aperiam facere ut eos. Doloremque quia similique hic rerum.', 0, '2020-12-15 14:14:18', '2020-12-15 14:14:18'),
(204, 21, 'Tania Streich', 'Earum deleniti et perspiciatis doloribus quo at. Blanditiis facilis incidunt corrupti modi. Quas similique sunt nihil.', 4, '2020-12-15 14:14:18', '2020-12-15 14:14:18'),
(205, 46, 'Dejah Thiel V', 'Velit voluptate quo facere et. Voluptas veniam sed officiis alias iure cupiditate vel. Eveniet unde possimus qui aperiam.', 2, '2020-12-15 14:14:18', '2020-12-15 14:14:18'),
(206, 48, 'Prof. Alanis Murazik', 'Qui aspernatur hic facere eum quam similique at. Dicta veniam sint voluptate veritatis modi. Magni quod tempora quia saepe ut aliquam. Est voluptatem distinctio nihil ex.', 0, '2020-12-15 14:14:18', '2020-12-15 14:14:18'),
(207, 28, 'Amira Mante', 'Id recusandae delectus provident accusamus. Quas ut voluptatum eum fugiat quidem non laudantium. Ut consequuntur vitae aperiam cumque repellat. Necessitatibus asperiores sit nemo nihil nemo veritatis.', 3, '2020-12-15 14:14:18', '2020-12-15 14:14:18'),
(208, 52, 'Velda Collins', 'Earum ab voluptate laborum perspiciatis iure. Quidem est quisquam et nihil quae tempore. Excepturi ad et eligendi animi perferendis rerum. A ad quibusdam qui perspiciatis et accusamus architecto necessitatibus.', 4, '2020-12-15 14:14:18', '2020-12-15 14:14:18'),
(209, 98, 'Brice Dooley V', 'Ipsum earum et rerum eos voluptatum magnam rerum. Ea repellat ducimus sunt velit. Consequatur sunt fugit quia accusamus dolorem. Sed soluta pariatur eligendi amet tenetur ad.', 0, '2020-12-15 14:14:18', '2020-12-15 14:14:18'),
(210, 19, 'Kale Kuphal', 'Qui nihil aperiam quis quis recusandae corrupti. Dicta minima delectus aliquid dolores.', 1, '2020-12-15 14:14:18', '2020-12-15 14:14:18'),
(211, 33, 'Toney Emard', 'Iusto nesciunt asperiores officiis. Laborum maxime molestiae quibusdam reprehenderit et autem eum. Esse amet ut et pariatur ea. Qui maiores non quia dolorum magnam voluptas.', 0, '2020-12-15 14:14:18', '2020-12-15 14:14:18'),
(212, 95, 'Ruben Deckow', 'Sed magnam quod in et. Mollitia necessitatibus eveniet nisi et. Ut odio architecto laborum. Incidunt ut distinctio nihil et quo eveniet.', 5, '2020-12-15 14:14:18', '2020-12-15 14:14:18'),
(213, 59, 'Hilbert Botsford', 'Qui necessitatibus dolor est saepe nihil ipsam perferendis. Ipsum repellendus placeat explicabo quo. Sed pariatur dolore sapiente distinctio in neque mollitia.', 2, '2020-12-15 14:14:18', '2020-12-15 14:14:18'),
(214, 52, 'Clara Mraz PhD', 'Dolorem adipisci nesciunt ipsum est consectetur qui. Molestiae facilis quis cupiditate porro. Corrupti est consequuntur ut ex eligendi expedita tenetur. Nulla in temporibus incidunt nihil amet qui.', 1, '2020-12-15 14:14:18', '2020-12-15 14:14:18'),
(215, 1, 'Madge Gerlach IV', 'Sit occaecati quidem culpa et ipsam ut. In in ut perferendis illum voluptatem aliquam tempore.', 4, '2020-12-15 14:14:18', '2020-12-15 14:14:18');
INSERT INTO `reviews` (`id`, `product_id`, `customer`, `review`, `star`, `created_at`, `updated_at`) VALUES
(216, 82, 'Melany Marquardt', 'Voluptatem inventore perspiciatis exercitationem molestiae. Ut dolorem iste vitae ut. Veniam vel sint iste aliquam voluptas magnam voluptate.', 2, '2020-12-15 14:14:18', '2020-12-15 14:14:18'),
(217, 6, 'Jewell Thompson', 'At quia dignissimos id magni reiciendis officiis omnis. Laudantium tempora ea et sapiente voluptas. Voluptatem voluptatibus voluptatem cupiditate dolorem. Quia reiciendis sed quae fugit odio.', 3, '2020-12-15 14:14:18', '2020-12-15 14:14:18'),
(218, 78, 'Prof. Retha Miller V', 'Rerum sint et excepturi repellendus. Et omnis quasi consequatur aspernatur quis aliquam cupiditate ea. Cupiditate aut et voluptas pariatur consequatur. Aliquid error quidem recusandae dolorem. Illum quo sapiente maxime voluptatem consequatur.', 0, '2020-12-15 14:14:18', '2020-12-15 14:14:18'),
(219, 74, 'Granville Padberg Sr.', 'Delectus est id non tempora dolorem maxime. Doloribus aliquam saepe architecto saepe officia quo. Suscipit esse et et rerum natus enim.', 0, '2020-12-15 14:14:18', '2020-12-15 14:14:18'),
(220, 15, 'Lizeth Smitham', 'Quia distinctio a dolores assumenda fugit voluptas enim. Doloremque consequuntur quaerat velit dicta voluptatum.', 5, '2020-12-15 14:14:18', '2020-12-15 14:14:18'),
(221, 99, 'Clovis Connelly', 'Similique a dolores quis quo voluptatem non. Perferendis accusamus cupiditate sit sunt velit rerum. Sed sed eos enim ducimus esse.', 3, '2020-12-15 14:14:18', '2020-12-15 14:14:18'),
(222, 73, 'Lucie Simonis II', 'Assumenda corporis cum saepe sunt. Dolores blanditiis accusantium est. Totam assumenda sunt provident suscipit illum molestiae enim accusantium. Eveniet expedita eos mollitia delectus.', 0, '2020-12-15 14:14:18', '2020-12-15 14:14:18'),
(223, 53, 'Miss Bonita Fadel', 'Aut eos est expedita quia occaecati blanditiis. Ea eaque eos totam. Dicta est dicta quo vel aut voluptas placeat. Consequatur repellat explicabo dicta deleniti.', 1, '2020-12-15 14:14:18', '2020-12-15 14:14:18'),
(224, 44, 'Clint Thiel V', 'Corporis aut error accusamus perferendis facere et quos. Quia dolores quasi est aut. Odit qui ut molestiae accusantium ut natus facilis. Accusantium nostrum eum quis ut.', 5, '2020-12-15 14:14:18', '2020-12-15 14:14:18'),
(225, 11, 'Elwyn Bogan', 'Optio ea quasi minima suscipit autem iusto. Aut corrupti qui sunt aut aut incidunt doloremque. Et vero est occaecati error reprehenderit. Natus hic voluptatum non unde.', 4, '2020-12-15 14:14:18', '2020-12-15 14:14:18'),
(226, 6, 'Muhammad Swift', 'Omnis vel voluptatem dicta est. Officiis maxime rerum et laborum. Inventore libero beatae tempora. A a delectus minus omnis architecto.', 5, '2020-12-15 14:14:18', '2020-12-15 14:14:18'),
(227, 28, 'Frederique Larkin Jr.', 'Sit delectus dolor voluptas et dolor. Voluptatem nam omnis quia quis molestiae.', 5, '2020-12-15 14:14:18', '2020-12-15 14:14:18'),
(228, 11, 'Tobin McKenzie', 'Aut reprehenderit amet aspernatur deleniti quas dignissimos dolorem. Eos aspernatur qui nihil et tempore. Rerum et deleniti facilis tempora dolores.', 3, '2020-12-15 14:14:18', '2020-12-15 14:14:18'),
(229, 6, 'Prof. Simeon Kohler', 'Sed alias consectetur dolores dolore. Iure magni qui ratione occaecati iusto repudiandae consequatur praesentium. Est doloribus iusto aut.', 4, '2020-12-15 14:14:18', '2020-12-15 14:14:18'),
(230, 19, 'Ms. Francisca Macejkovic MD', 'Ut quam repudiandae in excepturi qui sed molestiae consequatur. Ad odio magni rerum vitae unde porro. Minus beatae laboriosam eum est facere qui necessitatibus similique.', 1, '2020-12-15 14:14:18', '2020-12-15 14:14:18'),
(231, 63, 'Stan Altenwerth', 'Totam cupiditate tempore omnis suscipit. Sint magnam provident quis aliquid rerum quam natus. Id eum facilis quia fugit sed ea.', 4, '2020-12-15 14:14:18', '2020-12-15 14:14:18'),
(232, 90, 'Dr. Jeffry Turner PhD', 'Dolores praesentium qui sed. Quia cumque deleniti hic dolores. Cum aut molestias et consectetur ab nihil necessitatibus. Itaque quas necessitatibus in est placeat natus possimus.', 2, '2020-12-15 14:14:18', '2020-12-15 14:14:18'),
(233, 85, 'Mr. Koby Kemmer IV', 'Est praesentium saepe laborum autem dolores. Eveniet libero veniam natus officia. Optio aut rem totam.', 5, '2020-12-15 14:14:18', '2020-12-15 14:14:18'),
(234, 18, 'Dr. Tatum Nicolas DDS', 'Est aut illo dolorem facere voluptas rerum. Adipisci voluptate maiores accusamus sit qui dolores in. Est nam ut voluptates magnam ipsam et. Quae corrupti voluptatem qui ab sunt ut.', 4, '2020-12-15 14:14:18', '2020-12-15 14:14:18'),
(235, 26, 'Allison Bauch III', 'Ut occaecati ullam voluptas. Soluta vel odio enim voluptate tenetur eum atque incidunt. Et earum adipisci quas accusamus impedit.', 3, '2020-12-15 14:14:18', '2020-12-15 14:14:18'),
(236, 92, 'Marcelle Klein PhD', 'Quasi explicabo earum autem. Minus odit harum ipsum. Eveniet omnis quibusdam ea quod aspernatur voluptates sit. Qui officiis amet ipsa voluptatibus labore id ut molestiae. Maiores laboriosam error est eos voluptatem.', 2, '2020-12-15 14:14:18', '2020-12-15 14:14:18'),
(237, 2, 'Gideon Ebert', 'Quod nihil dolor aut a. Id perferendis fuga veritatis alias. Vitae sit aut sunt sed dolorum vero dolore.', 0, '2020-12-15 14:14:18', '2020-12-15 14:14:18'),
(238, 55, 'Berta Ritchie MD', 'Quia sint rerum eos eum beatae sequi voluptatem. Consequatur harum porro fugit nihil pariatur dolorem commodi eius. Id voluptatem dolorum est expedita culpa.', 5, '2020-12-15 14:14:18', '2020-12-15 14:14:18'),
(239, 11, 'Demarco Koepp IV', 'Voluptatem aut tenetur error tenetur perspiciatis repellendus. Sed non voluptate harum ut sunt ipsum modi. Possimus non praesentium vero beatae et vitae. Vitae perferendis modi quos occaecati delectus voluptates adipisci.', 3, '2020-12-15 14:14:18', '2020-12-15 14:14:18'),
(240, 4, 'Ella Price', 'Ut eos quia aut. Nostrum sequi dolor ut. Rerum assumenda et reprehenderit veritatis eligendi in quae.', 1, '2020-12-15 14:14:18', '2020-12-15 14:14:18'),
(241, 18, 'Sibyl Crooks', 'Quae fuga sapiente repellendus aut officiis eaque illum ut. Praesentium expedita perspiciatis et ut tempora. Nisi perspiciatis libero impedit et consequatur. Soluta delectus est sequi nemo facere quaerat et.', 4, '2020-12-15 14:14:18', '2020-12-15 14:14:18'),
(242, 42, 'Prof. Kaylin Towne IV', 'Magnam similique aspernatur iste dignissimos. Atque vitae nihil vero fugit ut aspernatur consequatur. Magnam magni dolorem maiores aut molestiae omnis nihil possimus.', 0, '2020-12-15 14:14:18', '2020-12-15 14:14:18'),
(243, 96, 'Calista Nitzsche', 'Ullam eius et libero rerum delectus voluptatem. In et officiis occaecati nihil quibusdam totam. Velit facere in hic illum soluta ducimus. Eum dolorem explicabo aliquid amet fugiat sint maxime. Voluptatum ab et dignissimos magnam commodi ea.', 3, '2020-12-15 14:14:18', '2020-12-15 14:14:18'),
(244, 55, 'Nikko Ebert', 'Dicta et et maxime blanditiis. Deleniti voluptatum repudiandae dignissimos tempora aspernatur voluptatem commodi.', 4, '2020-12-15 14:14:18', '2020-12-15 14:14:18'),
(245, 1, 'Matilda Rogahn', 'Fuga reprehenderit quidem consequatur sunt. Eos blanditiis consequuntur corporis. Repellat ad architecto et quisquam. Nostrum aut quis id enim rem.', 0, '2020-12-15 14:14:18', '2020-12-15 14:14:18'),
(246, 50, 'Miss Verdie Bernhard Jr.', 'Repudiandae quis molestias explicabo temporibus debitis harum et. Libero sit cum corporis temporibus earum molestiae distinctio. Laudantium maiores voluptatibus aut velit ut. Odio fugiat omnis repellat quam culpa. Quae odio dolorem dolore voluptas.', 5, '2020-12-15 14:14:18', '2020-12-15 14:14:18'),
(247, 25, 'Kory Howe', 'Qui numquam odit tempore excepturi natus eligendi maxime. Iure adipisci iure sed qui vitae voluptatem. Ut voluptatem velit quas odio possimus necessitatibus magnam. Ex voluptatum eum labore autem occaecati.', 4, '2020-12-15 14:14:18', '2020-12-15 14:14:18'),
(248, 27, 'Alverta Heathcote', 'Exercitationem non commodi omnis autem eos qui. Facilis cupiditate explicabo accusamus sunt. Et voluptas voluptate maiores fuga illum. Et debitis rerum ut nisi minus et.', 2, '2020-12-15 14:14:18', '2020-12-15 14:14:18'),
(249, 27, 'Dr. Daron Wolf DDS', 'Autem aliquid eos iure blanditiis. Quo soluta mollitia voluptas unde ut. Recusandae est iure libero beatae.', 2, '2020-12-15 14:14:18', '2020-12-15 14:14:18'),
(250, 75, 'Damon Ullrich', 'Quia quo debitis illum consectetur vitae fugiat itaque. Quam omnis fugit ratione quae aliquam. Commodi vel necessitatibus magni voluptate nisi.', 5, '2020-12-15 14:14:18', '2020-12-15 14:14:18'),
(251, 48, 'Ms. Rose Smitham', 'Sint quod ut ab quidem sed. Occaecati nostrum quibusdam dolores nesciunt ut. Excepturi dolores sit quaerat voluptatem aut officiis. Iste laudantium dolore molestias architecto.', 0, '2020-12-15 14:14:18', '2020-12-15 14:14:18'),
(252, 40, 'Prof. Braulio Bogisich', 'Accusantium et in quasi sunt eligendi et. Omnis porro possimus molestiae tempora voluptatum consequatur quia dolores. Et ut assumenda soluta excepturi qui optio. Sed ea autem veniam molestias rerum inventore pariatur esse.', 1, '2020-12-15 14:14:18', '2020-12-15 14:14:18'),
(253, 25, 'Arlo Hyatt', 'Eos quo quia mollitia facilis atque est. Eaque magni iste aut exercitationem repellat. Quis neque pariatur itaque ea aut omnis.', 2, '2020-12-15 14:14:18', '2020-12-15 14:14:18'),
(254, 18, 'Prof. Zora Conroy V', 'Explicabo magni iure distinctio. Voluptatem repellat harum et et possimus dolorem. Architecto dignissimos reiciendis aut. Est enim et nihil natus.', 1, '2020-12-15 14:14:18', '2020-12-15 14:14:18'),
(255, 62, 'Esta Walter', 'Ut et ut debitis similique totam amet aut. Temporibus et recusandae ut qui inventore dolor incidunt. Quos eos eaque quia fugiat.', 0, '2020-12-15 14:14:18', '2020-12-15 14:14:18'),
(256, 52, 'Benedict Kling', 'Ut culpa odio a voluptatem autem consequatur aut. Omnis et rerum suscipit ab excepturi perferendis. Beatae ipsam totam cumque excepturi. Libero delectus rerum consectetur pariatur a.', 3, '2020-12-15 14:14:18', '2020-12-15 14:14:18'),
(257, 65, 'Davon Skiles', 'Enim quos est sapiente nobis sed alias. Nemo voluptatibus officiis beatae aut tempore. Non quibusdam excepturi officia cumque.', 2, '2020-12-15 14:14:18', '2020-12-15 14:14:18'),
(258, 21, 'Concepcion Langosh', 'Et possimus rerum rerum molestiae hic. Est maxime autem aliquid omnis aut saepe. Libero beatae aliquid sed sunt aut et excepturi. Non repellendus maxime suscipit et incidunt occaecati nulla.', 4, '2020-12-15 14:14:18', '2020-12-15 14:14:18'),
(259, 16, 'Carolyne Sporer', 'Quis id est officia doloribus. Ut saepe in minus perspiciatis est occaecati maxime. Quia illum sed officia illum eos soluta veniam. Excepturi mollitia accusamus et aspernatur quia.', 4, '2020-12-15 14:14:18', '2020-12-15 14:14:18'),
(260, 71, 'Norma Doyle I', 'Dolor fugit voluptatem error in tempore ea et. Quia quam rerum consectetur non. Et molestias perspiciatis quo at voluptas.', 3, '2020-12-15 14:14:18', '2020-12-15 14:14:18'),
(261, 44, 'Mr. Evan Brekke', 'Suscipit quidem nulla sit quia et debitis dolore. Repellat esse impedit officia minima. Cumque itaque ex ea officia officia eos.', 5, '2020-12-15 14:14:18', '2020-12-15 14:14:18'),
(262, 10, 'Jamar Jacobs I', 'Est saepe enim est architecto officiis voluptatem cumque nihil. Molestiae id sint molestias incidunt. Officiis quos ea et molestiae.', 5, '2020-12-15 14:14:18', '2020-12-15 14:14:18'),
(263, 53, 'Prof. Anthony Zemlak', 'Optio ipsum ipsum odit pariatur voluptas sapiente voluptatibus. Facilis quos nesciunt beatae. Et voluptatum quibusdam eveniet pariatur voluptas adipisci. Soluta aliquid expedita dolores a. Fugiat aliquid officiis explicabo quis.', 2, '2020-12-15 14:14:18', '2020-12-15 14:14:18'),
(264, 58, 'Nico Fahey', 'Debitis nihil sed excepturi assumenda officia facilis. Impedit assumenda aut nulla sed labore. Aut consectetur eligendi minus reprehenderit totam.', 1, '2020-12-15 14:14:18', '2020-12-15 14:14:18'),
(265, 92, 'Josie Murray', 'Sunt quia et non voluptatem. Ea minus ut autem ut nihil vel odit. Fugiat cupiditate ut a numquam cupiditate illo quo ratione. Porro dolor doloremque occaecati et adipisci. Nulla ducimus eaque id beatae.', 2, '2020-12-15 14:14:18', '2020-12-15 14:14:18'),
(266, 63, 'Mariah Barrows', 'Magnam enim et deleniti voluptatem nam. Voluptatem consequatur enim accusantium rem magni totam mollitia odit. Voluptate totam rerum sed nisi.', 5, '2020-12-15 14:14:18', '2020-12-15 14:14:18'),
(267, 100, 'Mrs. Yazmin Schowalter Sr.', 'Qui minima laborum vitae totam. Nostrum velit est commodi et ut laborum. Velit quam rerum nulla quos. Magnam porro ea consectetur tempore nulla officia.', 3, '2020-12-15 14:14:18', '2020-12-15 14:14:18'),
(268, 1, 'Prof. Laurence Rosenbaum', 'Sint rerum amet nostrum quo consequatur. Veritatis officia quo provident vero veniam aut voluptas.', 3, '2020-12-15 14:14:18', '2020-12-15 14:14:18'),
(269, 22, 'Alexie Keebler', 'Quos occaecati quo cum quod et et. Est necessitatibus nesciunt dolor cumque veritatis et doloremque. Quasi nihil qui quia dicta cupiditate nesciunt architecto. Ea tenetur odio ratione.', 0, '2020-12-15 14:14:18', '2020-12-15 14:14:18'),
(270, 44, 'Dr. Quinton Marks', 'Quia et mollitia velit dolores praesentium at perspiciatis aliquid. Ratione consectetur modi itaque facere deserunt eaque sit. Dolor et maiores non voluptatum iste. Voluptatem fugiat rerum eius.', 2, '2020-12-15 14:14:18', '2020-12-15 14:14:18'),
(271, 40, 'Asia Greenholt PhD', 'Et non architecto dolorem eum perferendis. Sed nostrum rerum at ad sed. Maxime fuga in earum quis velit esse aut. Id aut quod maiores et vel nostrum.', 1, '2020-12-15 14:14:18', '2020-12-15 14:14:18'),
(272, 71, 'Mrs. Danyka Conroy', 'Id culpa voluptatem laudantium in quam possimus laboriosam. Veritatis fugiat delectus excepturi recusandae voluptatum enim.', 2, '2020-12-15 14:14:18', '2020-12-15 14:14:18'),
(273, 27, 'Nedra O\'Kon', 'Ipsa sed consequatur voluptatibus. Rem enim porro dolorem sint eum. Ea et sint quo est ut quidem veritatis vitae. Eaque pariatur voluptatem laboriosam perspiciatis aperiam repudiandae.', 2, '2020-12-15 14:14:18', '2020-12-15 14:14:18'),
(274, 54, 'Dolores Wuckert', 'Porro at repellat iure et voluptatum. Voluptatum corporis eligendi eveniet ipsum delectus. Tenetur optio laboriosam placeat reprehenderit quidem at.', 0, '2020-12-15 14:14:18', '2020-12-15 14:14:18'),
(275, 61, 'Jackson Langosh Jr.', 'Ex quia inventore et ullam praesentium quis molestias numquam. Ut occaecati sed esse iure ea similique. Dolor est perspiciatis optio inventore vitae.', 0, '2020-12-15 14:14:18', '2020-12-15 14:14:18'),
(276, 33, 'Alexie Jakubowski', 'Eos fuga laboriosam est magni nulla in. Corporis qui velit ad sint. Quis et quibusdam officiis earum debitis.', 5, '2020-12-15 14:14:18', '2020-12-15 14:14:18'),
(277, 73, 'Mr. Beau Marks PhD', 'Molestiae dolor saepe nihil eligendi asperiores voluptatem dolor. Ut minima ut voluptatem minima. Qui ut dolores rem in molestias at.', 4, '2020-12-15 14:14:18', '2020-12-15 14:14:18'),
(278, 18, 'Reina Dickinson', 'Optio voluptatem laboriosam et dicta alias dolorem. Aut amet dolore dolorem at animi explicabo praesentium. Voluptas laborum est consequuntur qui pariatur. Error aut eaque autem reprehenderit cupiditate enim facere.', 5, '2020-12-15 14:14:18', '2020-12-15 14:14:18'),
(279, 63, 'Marlene Connelly', 'Laboriosam quia voluptatibus aperiam consequatur odit. Sed est ut eaque assumenda et rem et.', 2, '2020-12-15 14:14:18', '2020-12-15 14:14:18'),
(280, 71, 'Ethelyn Waelchi', 'Vero et voluptatibus impedit pariatur. Quae ratione commodi vel ea suscipit doloribus commodi magni. Et animi laborum at illum praesentium dolorem. Voluptatem id provident quaerat magni quis.', 2, '2020-12-15 14:14:18', '2020-12-15 14:14:18'),
(281, 6, 'Sabryna Cummerata', 'Qui vitae est voluptas et. Id voluptas in sequi omnis ducimus. Neque suscipit pariatur debitis eveniet dolor aut ex. Aut molestiae maxime quaerat consectetur.', 4, '2020-12-15 14:14:18', '2020-12-15 14:14:18'),
(282, 91, 'Shanon DuBuque', 'Facere qui inventore enim corrupti nisi. Aspernatur quos tempore incidunt odio repudiandae eos adipisci. Dolores qui neque odit maiores. Placeat officia deleniti dolore tempora eveniet veritatis maxime est. Dolorem dolores totam ea recusandae voluptas dolores.', 5, '2020-12-15 14:14:18', '2020-12-15 14:14:18'),
(283, 18, 'Prof. Mariana Hudson', 'Dolorem magnam est aut nam nihil sequi ad. Maiores non nesciunt accusantium distinctio molestiae eaque. Architecto enim sunt placeat nam ipsum ipsum voluptas quis.', 2, '2020-12-15 14:14:18', '2020-12-15 14:14:18'),
(284, 62, 'Gwen Huel I', 'Quas voluptatem reprehenderit ipsa quibusdam rerum possimus impedit. Nihil dolores ea architecto voluptas rerum et autem. Quidem dolores tempore saepe consequuntur libero fuga.', 4, '2020-12-15 14:14:18', '2020-12-15 14:14:18'),
(285, 30, 'Matteo Ankunding', 'Molestias vel labore in minus sit necessitatibus consequuntur. Et tempore rerum possimus ullam est tenetur. Recusandae facilis quia architecto tempora adipisci unde eos. Sed ducimus voluptatum id voluptas.', 2, '2020-12-15 14:14:18', '2020-12-15 14:14:18'),
(286, 10, 'Ashley Mills', 'Et in eveniet fuga odio. Rerum rerum cum eaque. Ut rem fugiat libero animi. Vero alias beatae veniam et non tempora molestias.', 2, '2020-12-15 14:14:18', '2020-12-15 14:14:18'),
(287, 74, 'Karson Fritsch', 'Aut et neque odio doloribus. Molestiae at fuga doloribus aut sit suscipit. Quia quos voluptatem illo quo.', 0, '2020-12-15 14:14:18', '2020-12-15 14:14:18'),
(288, 37, 'Martina Halvorson Sr.', 'Veritatis doloremque quae vel eum voluptas consectetur vero et. Ut quia quae voluptas quisquam in blanditiis. Commodi rerum praesentium veniam ipsam accusamus cupiditate sint. Cupiditate ipsam qui sint culpa eveniet autem voluptates. Amet sint adipisci aut enim facere nihil.', 5, '2020-12-15 14:14:18', '2020-12-15 14:14:18'),
(289, 98, 'Marion Heidenreich', 'In et dolor autem nemo aliquam. Iusto facilis et hic aut. Ipsam dolor repudiandae accusamus omnis sed aspernatur itaque.', 2, '2020-12-15 14:14:18', '2020-12-15 14:14:18'),
(290, 79, 'Bailee Funk', 'Et blanditiis reprehenderit itaque et et totam omnis. A dolor consequatur soluta ut quasi. Enim consequatur dolorum rerum ea non atque.', 0, '2020-12-15 14:14:18', '2020-12-15 14:14:18'),
(291, 54, 'Ruth Roob', 'Ab eveniet nam nemo dicta aut animi iusto aut. Corrupti rerum dolore ea ab aut et. In dolor tempore velit voluptatibus accusamus ipsum.', 5, '2020-12-15 14:14:18', '2020-12-15 14:14:18'),
(292, 39, 'Dr. Joan Erdman', 'Doloribus atque veniam nihil ipsum. Nihil nam saepe non labore beatae sint. Veniam ad explicabo ea dolores omnis iusto ex. Nisi illo soluta et laborum.', 2, '2020-12-15 14:14:18', '2020-12-15 14:14:18'),
(293, 83, 'Marco Steuber', 'Cupiditate aut sapiente et et tempore fugit aut. Consectetur rerum dicta officiis. Rerum deleniti hic et. Non reprehenderit et possimus.', 0, '2020-12-15 14:14:18', '2020-12-15 14:14:18'),
(294, 71, 'Gaetano Baumbach', 'Velit soluta dolorem non quae qui quibusdam. Numquam ea soluta ut cum sit pariatur. Ut molestiae voluptatum non ea sed architecto. Eum et exercitationem minus similique.', 1, '2020-12-15 14:14:18', '2020-12-15 14:14:18'),
(295, 21, 'Dr. Arturo Kuvalis Jr.', 'Facilis sit voluptatem id. Adipisci quod sed facere fuga quaerat magni modi optio. At illum harum accusamus placeat et maiores ratione.', 1, '2020-12-15 14:14:18', '2020-12-15 14:14:18'),
(296, 34, 'Mrs. Myrtice Dietrich', 'Consequatur incidunt animi consequuntur accusamus est fuga. Magnam mollitia nemo consequatur ut quas molestiae dolorem. Molestias eum sed quos commodi rerum.', 1, '2020-12-15 14:14:18', '2020-12-15 14:14:18'),
(297, 20, 'Elliott Weber', 'Et dignissimos non quaerat deserunt animi aliquid et. Sequi soluta et cupiditate tempore sapiente qui. Quis rerum eaque vitae distinctio sapiente unde culpa velit.', 4, '2020-12-15 14:14:18', '2020-12-15 14:14:18'),
(298, 34, 'Aleen Cremin', 'Fugit alias molestias consequuntur doloremque praesentium. Ut est sit alias quae voluptates et ut. Alias sunt aliquid vel alias.', 4, '2020-12-15 14:14:18', '2020-12-15 14:14:18'),
(299, 35, 'Rosa Schmitt', 'Molestias unde illum voluptate nemo debitis repellat rerum. Vel ut itaque ut tempore consectetur vel. Laboriosam in a et quia mollitia id quod accusamus.', 0, '2020-12-15 14:14:18', '2020-12-15 14:14:18'),
(300, 2, 'Luisa O\'Connell II', 'Tempora deleniti repudiandae molestiae est veritatis totam rerum. Sed consectetur sed qui placeat culpa. Dolorum perspiciatis eligendi ut ducimus adipisci optio voluptatem. Magni sit non est aut eum.', 4, '2020-12-15 14:14:18', '2020-12-15 14:14:18');

-- --------------------------------------------------------

--
-- Structure de la table `users`
--

CREATE TABLE `users` (
  `id` bigint(20) UNSIGNED NOT NULL,
  `name` varchar(255) COLLATE utf8mb4_unicode_ci NOT NULL,
  `email` varchar(255) COLLATE utf8mb4_unicode_ci NOT NULL,
  `email_verified_at` timestamp NULL DEFAULT NULL,
  `password` varchar(255) COLLATE utf8mb4_unicode_ci NOT NULL,
  `remember_token` varchar(100) COLLATE utf8mb4_unicode_ci DEFAULT NULL,
  `created_at` timestamp NULL DEFAULT NULL,
  `updated_at` timestamp NULL DEFAULT NULL
) ENGINE=InnoDB DEFAULT CHARSET=utf8mb4 COLLATE=utf8mb4_unicode_ci;

--
-- Index pour les tables déchargées
--

--
-- Index pour la table `migrations`
--
ALTER TABLE `migrations`
  ADD PRIMARY KEY (`id`);

--
-- Index pour la table `password_resets`
--
ALTER TABLE `password_resets`
  ADD KEY `password_resets_email_index` (`email`);

--
-- Index pour la table `products`
--
ALTER TABLE `products`
  ADD PRIMARY KEY (`id`);

--
-- Index pour la table `reviews`
--
ALTER TABLE `reviews`
  ADD PRIMARY KEY (`id`),
  ADD KEY `reviews_product_id_index` (`product_id`);

--
-- Index pour la table `users`
--
ALTER TABLE `users`
  ADD PRIMARY KEY (`id`),
  ADD UNIQUE KEY `users_email_unique` (`email`);

--
-- AUTO_INCREMENT pour les tables déchargées
--

--
-- AUTO_INCREMENT pour la table `migrations`
--
ALTER TABLE `migrations`
  MODIFY `id` int(10) UNSIGNED NOT NULL AUTO_INCREMENT, AUTO_INCREMENT=5;

--
-- AUTO_INCREMENT pour la table `products`
--
ALTER TABLE `products`
  MODIFY `id` bigint(20) UNSIGNED NOT NULL AUTO_INCREMENT, AUTO_INCREMENT=101;

--
-- AUTO_INCREMENT pour la table `reviews`
--
ALTER TABLE `reviews`
  MODIFY `id` bigint(20) UNSIGNED NOT NULL AUTO_INCREMENT, AUTO_INCREMENT=301;

--
-- AUTO_INCREMENT pour la table `users`
--
ALTER TABLE `users`
  MODIFY `id` bigint(20) UNSIGNED NOT NULL AUTO_INCREMENT;

--
-- Contraintes pour les tables déchargées
--

--
-- Contraintes pour la table `reviews`
--
ALTER TABLE `reviews`
  ADD CONSTRAINT `reviews_product_id_foreign` FOREIGN KEY (`product_id`) REFERENCES `products` (`id`) ON DELETE CASCADE;
COMMIT;

/*!40101 SET CHARACTER_SET_CLIENT=@OLD_CHARACTER_SET_CLIENT */;
/*!40101 SET CHARACTER_SET_RESULTS=@OLD_CHARACTER_SET_RESULTS */;
/*!40101 SET COLLATION_CONNECTION=@OLD_COLLATION_CONNECTION */;
